[17:50:21.964] [VOICE_CMD] Disabled (set BLINDNAV_VOICE_INPUT=1 to enable)
[17:50:22.762] [VOICE] WARN: "obstacle ahead, 0.8 meters"
[17:50:24.496] [VOICE_POLICY] chair#3(f7) on your right: dist=121cm raw_vel=64.5cm/s eff_vel=0.0cm/s ttc=n/a score=7.7 tier=NONE reason=no_actionable_distance_or_ttc user=moving ego=BAD
[17:50:25.088] [VOICE_POLICY] person#9(f3) ahead: dist=203cm raw_vel=153.9cm/s eff_vel=0.0cm/s ttc=n/a score=5.3 tier=NONE reason=static_stationary_suppression user=still ego=BAD
[17:50:25.493] [VOICE_POLICY] person#9(f5) ahead: dist=299cm raw_vel=64.3cm/s eff_vel=0.0cm/s ttc=n/a score=0.1 tier=NONE reason=static_stationary_suppression user=still ego=BAD
[17:50:25.722] [VOICE_POLICY] person#9(f6) ahead: dist=177cm raw_vel=60.5cm/s eff_vel=0.0cm/s ttc=n/a score=6.8 tier=NONE reason=static_stationary_suppression user=still ego=BAD
[17:50:26.029] [LATENCY] label=WARN text="obstacle ahead, 0.8 meters" event_created=1779472222.762 enqueued=0.000s tts_start=0.001s play_start=0.040s play_end=3.267s queue_wait=0.001s synth=0.039s launch_wait=0.000s mode=clip_alert cache=hit cold_stream=yes silence_ms=220
[17:50:26.032] [VOICE] URGENT: "person ahead, 0.2 meters"
[17:50:26.530] [VOICE_POLICY] person#9(f9) on your right: dist=240cm raw_vel=15.0cm/s eff_vel=0.0cm/s ttc=n/a score=3.3 tier=NONE reason=static_stationary_suppression user=still ego=BAD
[17:50:28.023] [VOICE_POLICY] person#17(f5) on your right: dist=105cm raw_vel=-186.3cm/s eff_vel=-186.3cm/s ttc=0.6s score=600.0 tier=WARNING reason=side_pass_warning user=still ego=BAD
[17:50:28.024] [TTC]  person#17(f5) on your right: dist=105cm vel=-186.3cm/s TTC=0.6s tier=URGENT ego=BAD
[17:50:28.061] [TTC]  person#17(f5) ahead: dist=92cm vel=-242.3cm/s TTC=0.4s tier=URGENT ego=BAD
[17:50:28.357] [TTC]  person#17(f6) ahead: dist=87cm vel=-231.2cm/s TTC=0.4s tier=URGENT ego=BAD
[17:50:28.367] [VOICE_POLICY] person#17(f6) ahead: dist=135cm raw_vel=-140.3cm/s eff_vel=0.0cm/s ttc=n/a score=8.2 tier=NONE reason=static_stationary_suppression user=still ego=BAD
[17:50:28.722] [LATENCY] label=URGENT text="person ahead, 0.2 meters" event_created=1779472224.352 enqueued=0.000s tts_start=1.718s play_start=1.749s play_end=4.371s queue_wait=1.718s synth=0.031s launch_wait=0.000s mode=clip_alert cache=hit cold_stream=no silence_ms=0
[17:50:28.723] [VOICE] URGENT: "person ahead, 0.8 meters"
[17:50:28.899] [VOICE_POLICY] person#17(f6) ahead: dist=114cm raw_vel=0.0cm/s eff_vel=0.0cm/s ttc=n/a score=19.8 tier=NONE reason=static_stationary_suppression user=still ego=OK
[17:50:31.193] [VOICE_POLICY] chair#26(f5) on your right: dist=195cm raw_vel=-138.0cm/s eff_vel=0.0cm/s ttc=n/a score=2.8 tier=NONE reason=static_stationary_suppression user=still ego=BAD
[17:50:31.566] [VOICE_POLICY] chair#26(f6) on your right: dist=291cm raw_vel=215.0cm/s eff_vel=0.0cm/s ttc=n/a score=0.2 tier=NONE reason=static_stationary_suppression user=still ego=BAD
[17:50:31.699] [LATENCY] label=URGENT text="person ahead, 0.8 meters" event_created=1779472228.358 enqueued=0.000s tts_start=0.367s play_start=0.373s play_end=3.340s queue_wait=0.367s synth=0.006s launch_wait=0.000s mode=clip_alert cache=hit cold_stream=no silence_ms=0
[17:50:31.836] [VOICE_POLICY] chair#26(f7) ahead: dist=315cm raw_vel=82.0cm/s eff_vel=0.0cm/s ttc=n/a score=0.0 tier=NONE reason=static_stationary_suppression user=still ego=BAD
[17:50:32.295] [VOICE_POLICY] chair#26(f7) ahead: dist=250cm raw_vel=-64.9cm/s eff_vel=0.0cm/s ttc=n/a score=1.3 tier=NONE reason=static_stationary_suppression user=still ego=BAD
[17:50:32.465] [VOICE] WARN: "Watch out, obstacle on your right, 2.9 meters"
[17:50:32.466] [TTC]  tv#32(f6) on your right: dist=278cm vel=-119.9cm/s TTC=2.3s tier=WARN ego=OK
[17:50:32.501] [VOICE] Dropped AWARE (busy_audio_channel): "obstacle on your right, 2.9 meters"
[17:50:32.501] [TTC]  tv#32(f6) on your right: dist=270cm vel=-59.9cm/s TTC=4.5s tier=AWARE ego=OK
[17:50:32.897] [VOICE_POLICY] tv#32(f7) on your right: dist=271cm raw_vel=6.4cm/s eff_vel=0.0cm/s ttc=n/a score=1.0 tier=NONE reason=static_stationary_suppression user=still ego=OK
[17:50:33.165] [VOICE_POLICY] tv#32(f8) on your right: dist=206cm raw_vel=41.3cm/s eff_vel=41.3cm/s ttc=n/a score=0.6 tier=NONE reason=static_stationary_suppression user=still ego=OK
[17:50:36.197] [LATENCY] label=WARN text="Watch out, obstacle on your right, 2.9 m" event_created=1779472232.466 enqueued=0.000s tts_start=0.001s play_start=0.030s play_end=3.732s queue_wait=0.001s synth=0.029s launch_wait=0.000s mode=clip_alert cache=hit cold_stream=no silence_ms=0
[17:50:38.173] [VOICE] AWARE: "person on your right, 1.4 meters"
[17:50:38.174] [VOICE_POLICY] person#41(f3) on your right: dist=134cm raw_vel=0.0cm/s eff_vel=0.0cm/s ttc=n/a score=8.8 tier=AWARENESS reason=side_pass_awareness user=still ego=BAD
[17:50:38.471] [VOICE_POLICY] person#41(f4) on your right: dist=112cm raw_vel=-33.2cm/s eff_vel=-33.2cm/s ttc=3.4s score=569.1 tier=AWARENESS reason=side_pass_awareness user=still ego=BAD
[17:50:38.471] [TTC]  person#41(f4) on your right: dist=112cm vel=-33.2cm/s TTC=3.4s tier=WARN ego=BAD
[17:50:38.666] [VOICE_POLICY] person#41(f5) on your right: dist=110cm raw_vel=-40.2cm/s eff_vel=-40.2cm/s ttc=2.7s score=600.0 tier=WARNING reason=side_pass_warning user=still ego=BAD
[17:50:38.666] [TTC]  person#41(f5) on your right: dist=110cm vel=-40.2cm/s TTC=2.7s tier=WARN ego=BAD
[17:50:38.669] [VOICE_POLICY] person#41(f5) on your right: dist=203cm raw_vel=29.9cm/s eff_vel=0.0cm/s ttc=n/a score=5.3 tier=NONE reason=static_stationary_suppression user=still ego=BAD
[17:50:38.837] [VOICE_POLICY] person#41(f6) on your right: dist=228cm raw_vel=232.0cm/s eff_vel=0.0cm/s ttc=n/a score=4.0 tier=NONE reason=static_stationary_suppression user=still ego=BAD
[17:50:39.331] [VOICE_POLICY] person#41(f7) on your right: dist=347cm raw_vel=0.0cm/s eff_vel=0.0cm/s ttc=n/a score=0.0 tier=NONE reason=beyond_voice_distance user=still ego=BAD
[17:50:39.334] [VOICE_POLICY] person#41(f7) on your right: dist=315cm raw_vel=0.0cm/s eff_vel=0.0cm/s ttc=n/a score=0.0 tier=NONE reason=static_stationary_suppression user=still ego=BAD
[17:50:39.834] [VOICE_POLICY] person#41(f7) on your right: dist=372cm raw_vel=86.0cm/s eff_vel=0.0cm/s ttc=n/a score=0.0 tier=NONE reason=beyond_voice_distance user=still ego=BAD
[17:50:41.469] [LATENCY] label=AWARE text="person on your right, 1.4 meters" event_created=1779472238.174 enqueued=0.000s tts_start=0.001s play_start=0.034s play_end=3.295s queue_wait=0.001s synth=0.033s launch_wait=0.000s mode=clip_alert cache=hit cold_stream=yes silence_ms=220
[17:50:41.471] [VOICE] URGENT: "Watch out, person on your right, 1.1 meters"
[17:50:45.036] [LATENCY] label=URGENT text="Watch out, person on your right, 1.1 met" event_created=1779472238.666 enqueued=0.000s tts_start=2.806s play_start=2.835s play_end=6.371s queue_wait=2.806s synth=0.029s launch_wait=0.000s mode=clip_alert cache=hit cold_stream=no silence_ms=0
[17:50:45.303] [VOICE_POLICY] tv#42(f3) on your left: dist=574cm raw_vel=-25.8cm/s eff_vel=0.0cm/s ttc=n/a score=0.0 tier=NONE reason=beyond_voice_distance user=still ego=BAD
[17:50:45.471] [VOICE_POLICY] tv#42(f4) on your left: dist=409cm raw_vel=0.0cm/s eff_vel=0.0cm/s ttc=n/a score=0.0 tier=NONE reason=beyond_voice_distance user=still ego=BAD
[17:50:45.473] [VOICE_POLICY] tv#42(f4) on your left: dist=379cm raw_vel=0.0cm/s eff_vel=0.0cm/s ttc=n/a score=0.0 tier=NONE reason=beyond_voice_distance user=still ego=BAD
[17:50:45.840] [VOICE_POLICY] tv#42(f4) on your left: dist=349cm raw_vel=-105.1cm/s eff_vel=0.0cm/s ttc=n/a score=0.0 tier=NONE reason=beyond_voice_distance user=still ego=BAD
[17:50:46.172] [VOICE_POLICY] tv#42(f4) on your left: dist=326cm raw_vel=-105.5cm/s eff_vel=0.0cm/s ttc=n/a score=0.0 tier=NONE reason=beyond_voice_distance user=still ego=BAD
[17:50:46.346] [VOICE_POLICY] tv#42(f4) on your left: dist=318cm raw_vel=-83.6cm/s eff_vel=0.0cm/s ttc=n/a score=0.0 tier=NONE reason=static_stationary_suppression user=still ego=BAD
[17:50:46.368] [VOICE_POLICY] tv#42(f4) on your left: dist=296cm raw_vel=-85.7cm/s eff_vel=0.0cm/s ttc=n/a score=0.1 tier=NONE reason=static_stationary_suppression user=still ego=BAD
[17:50:56.979] [VOICE_POLICY] person#44(f3) ahead: dist=-1cm raw_vel=0.0cm/s eff_vel=0.0cm/s ttc=n/a score=0.0 tier=NONE reason=beyond_voice_distance user=still ego=BAD
[17:50:58.215] [VOICE_POLICY] person#46(f3) ahead: dist=-1cm raw_vel=0.0cm/s eff_vel=0.0cm/s ttc=n/a score=0.0 tier=NONE reason=beyond_voice_distance user=still ego=BAD
[17:50:58.742] [VOICE_POLICY] person#47(f5) ahead: dist=797cm raw_vel=0.0cm/s eff_vel=0.0cm/s ttc=n/a score=0.0 tier=NONE reason=beyond_voice_distance user=still ego=BAD
[17:50:58.747] [VOICE_POLICY] person#47(f5) ahead: dist=758cm raw_vel=0.0cm/s eff_vel=0.0cm/s ttc=n/a score=0.0 tier=NONE reason=beyond_voice_distance user=still ego=BAD
[17:50:58.943] [VOICE_POLICY] person#47(f6) ahead: dist=722cm raw_vel=-137.5cm/s eff_vel=0.0cm/s ttc=n/a score=0.0 tier=NONE reason=beyond_voice_distance user=still ego=BAD
[17:50:58.948] [VOICE_POLICY] person#47(f6) ahead: dist=682cm raw_vel=-225.5cm/s eff_vel=0.0cm/s ttc=n/a score=0.0 tier=NONE reason=beyond_voice_distance user=still ego=BAD
[17:50:59.156] [VOICE_POLICY] person#47(f6) ahead: dist=633cm raw_vel=-269.6cm/s eff_vel=0.0cm/s ttc=n/a score=0.0 tier=NONE reason=beyond_voice_distance user=still ego=BAD
[17:50:59.381] [VOICE_POLICY] person#47(f6) ahead: dist=620cm raw_vel=-250.8cm/s eff_vel=0.0cm/s ttc=n/a score=0.0 tier=NONE reason=beyond_voice_distance user=still ego=BAD
[17:50:59.922] [VOICE_POLICY] person#48(f9) on your left: dist=458cm raw_vel=-354.7cm/s eff_vel=0.0cm/s ttc=n/a score=0.0 tier=NONE reason=beyond_voice_distance user=still ego=BAD
[17:50:59.944] [VOICE_POLICY] person#48(f9) on your left: dist=509cm raw_vel=-249.3cm/s eff_vel=0.0cm/s ttc=n/a score=0.0 tier=NONE reason=beyond_voice_distance user=still ego=BAD
[17:51:00.114] [VOICE_POLICY] person#48(f9) on your left: dist=579cm raw_vel=15.8cm/s eff_vel=0.0cm/s ttc=n/a score=0.0 tier=NONE reason=beyond_voice_distance user=still ego=BAD
[17:51:00.119] [VOICE_POLICY] person#48(f9) on your left: dist=675cm raw_vel=327.9cm/s eff_vel=0.0cm/s ttc=n/a score=0.0 tier=NONE reason=beyond_voice_distance user=still ego=BAD
[17:51:00.515] [VOICE_POLICY] person#48(f9) on your left: dist=653cm raw_vel=282.5cm/s eff_vel=0.0cm/s ttc=n/a score=0.0 tier=NONE reason=beyond_voice_distance user=still ego=BAD
[17:51:00.717] [VOICE_POLICY] person#48(f9) on your left: dist=706cm raw_vel=108.5cm/s eff_vel=0.0cm/s ttc=n/a score=0.0 tier=NONE reason=beyond_voice_distance user=still ego=BAD
[17:51:00.721] [VOICE_POLICY] person#48(f9) on your left: dist=740cm raw_vel=141.3cm/s eff_vel=0.0cm/s ttc=n/a score=0.0 tier=NONE reason=beyond_voice_distance user=still ego=BAD
[17:51:09.870] [VOICE_POLICY] person#53(f3) on your right: dist=-1cm raw_vel=0.0cm/s eff_vel=0.0cm/s ttc=n/a score=0.0 tier=NONE reason=beyond_voice_distance user=still ego=BAD
[17:51:11.055] [VOICE_POLICY] person#60(f5) ahead: dist=646cm raw_vel=-272.8cm/s eff_vel=-272.8cm/s ttc=2.4s score=600.0 tier=NONE reason=beyond_voice_distance user=still ego=OK
[17:51:11.055] [TTC]  person#60(f5) ahead: dist=646cm vel=-272.8cm/s TTC=2.4s tier=WARN ego=OK
[17:51:11.059] [VOICE_POLICY] person#60(f5) ahead: dist=614cm raw_vel=-226.2cm/s eff_vel=-226.2cm/s ttc=2.7s score=600.0 tier=NONE reason=beyond_voice_distance user=still ego=OK
[17:51:11.059] [TTC]  person#60(f5) ahead: dist=614cm vel=-226.2cm/s TTC=2.7s tier=WARN ego=OK
[17:51:11.389] [VOICE_POLICY] person#60(f6) ahead: dist=576cm raw_vel=-220.9cm/s eff_vel=0.0cm/s ttc=n/a score=0.0 tier=NONE reason=beyond_voice_distance user=still ego=BAD
[17:51:11.394] [VOICE_POLICY] person#60(f6) ahead: dist=548cm raw_vel=-207.4cm/s eff_vel=0.0cm/s ttc=n/a score=0.0 tier=NONE reason=beyond_voice_distance user=still ego=BAD
[17:51:11.566] [VOICE_POLICY] person#60(f6) ahead: dist=534cm raw_vel=-207.0cm/s eff_vel=0.0cm/s ttc=n/a score=0.0 tier=NONE reason=beyond_voice_distance user=still ego=BAD
[17:51:11.764] [VOICE_POLICY] person#60(f6) ahead: dist=476cm raw_vel=-140.4cm/s eff_vel=0.0cm/s ttc=n/a score=0.0 tier=NONE reason=beyond_voice_distance user=still ego=BAD
[17:51:12.390] [VOICE_POLICY] person#63(f3) on your left: dist=257cm raw_vel=-210.5cm/s eff_vel=0.0cm/s ttc=n/a score=2.4 tier=NONE reason=static_stationary_suppression user=still ego=BAD
[17:51:12.590] [VOICE_POLICY] person#63(f4) on your left: dist=228cm raw_vel=-97.9cm/s eff_vel=0.0cm/s ttc=n/a score=4.0 tier=NONE reason=static_stationary_suppression user=still ego=BAD
[17:51:12.789] [VOICE_POLICY] person#62(f4) ahead: dist=675cm raw_vel=41.2cm/s eff_vel=0.0cm/s ttc=n/a score=0.0 tier=NONE reason=beyond_voice_distance user=still ego=BAD
[17:51:12.795] [VOICE_POLICY] person#62(f4) ahead: dist=714cm raw_vel=20.6cm/s eff_vel=0.0cm/s ttc=n/a score=0.0 tier=NONE reason=beyond_voice_distance user=still ego=BAD
[17:51:12.959] [VOICE_POLICY] person#63(f4) on your left: dist=653cm raw_vel=0.0cm/s eff_vel=0.0cm/s ttc=n/a score=0.0 tier=NONE reason=beyond_voice_distance user=still ego=BAD
[17:51:13.123] [VOICE_POLICY] person#63(f4) on your left: dist=614cm raw_vel=-74.2cm/s eff_vel=0.0cm/s ttc=n/a score=0.0 tier=NONE reason=beyond_voice_distance user=still ego=BAD
[17:51:13.127] [VOICE_POLICY] person#63(f4) on your left: dist=563cm raw_vel=-148.0cm/s eff_vel=0.0cm/s ttc=n/a score=0.0 tier=NONE reason=beyond_voice_distance user=still ego=BAD
[17:51:13.290] [VOICE_POLICY] person#63(f4) on your left: dist=574cm raw_vel=-209.3cm/s eff_vel=0.0cm/s ttc=n/a score=0.0 tier=NONE reason=beyond_voice_distance user=still ego=BAD
[17:51:25.533] [VOICE_POLICY] person#70(f4) on your left: dist=-1cm raw_vel=0.0cm/s eff_vel=0.0cm/s ttc=n/a score=0.0 tier=NONE reason=beyond_voice_distance user=still ego=BAD
[17:51:26.608] [VOICE_POLICY] person#70(f9) on your left: dist=682cm raw_vel=0.0cm/s eff_vel=0.0cm/s ttc=n/a score=0.0 tier=NONE reason=beyond_voice_distance user=still ego=BAD
[17:51:26.636] [VOICE_POLICY] person#70(f9) on your left: dist=615cm raw_vel=0.0cm/s eff_vel=0.0cm/s ttc=n/a score=0.0 tier=NONE reason=beyond_voice_distance user=still ego=BAD
[17:51:26.873] [VOICE_POLICY] person#70(f9) on your left: dist=585cm raw_vel=-161.1cm/s eff_vel=0.0cm/s ttc=n/a score=0.0 tier=NONE reason=beyond_voice_distance user=still ego=BAD
[17:51:27.171] [VOICE_POLICY] person#70(f9) on your left: dist=563cm raw_vel=-175.2cm/s eff_vel=0.0cm/s ttc=n/a score=0.0 tier=NONE reason=beyond_voice_distance user=still ego=BAD
[17:51:27.577] [VOICE_POLICY] person#73(f3) ahead: dist=543cm raw_vel=0.0cm/s eff_vel=0.0cm/s ttc=n/a score=0.0 tier=NONE reason=beyond_voice_distance user=still ego=BAD
[17:51:27.603] [VOICE_POLICY] person#73(f3) ahead: dist=495cm raw_vel=0.0cm/s eff_vel=0.0cm/s ttc=n/a score=0.0 tier=NONE reason=beyond_voice_distance user=still ego=BAD
[17:51:27.808] [VOICE_POLICY] person#73(f4) ahead: dist=461cm raw_vel=-341.8cm/s eff_vel=0.0cm/s ttc=n/a score=0.0 tier=NONE reason=beyond_voice_distance user=still ego=BAD
[17:51:27.968] [VOICE_POLICY] person#73(f5) ahead: dist=435cm raw_vel=-276.7cm/s eff_vel=0.0cm/s ttc=n/a score=0.0 tier=NONE reason=beyond_voice_distance user=still ego=BAD
[17:51:27.972] [VOICE_POLICY] person#73(f5) ahead: dist=383cm raw_vel=-258.6cm/s eff_vel=0.0cm/s ttc=n/a score=0.0 tier=NONE reason=beyond_voice_distance user=still ego=BAD
[17:51:28.175] [VOICE_POLICY] person#73(f6) ahead: dist=332cm raw_vel=-277.2cm/s eff_vel=0.0cm/s ttc=n/a score=0.0 tier=NONE reason=beyond_voice_distance user=still ego=BAD
[17:51:28.372] [VOICE_POLICY] person#73(f7) ahead: dist=326cm raw_vel=-269.6cm/s eff_vel=0.0cm/s ttc=n/a score=0.0 tier=NONE reason=beyond_voice_distance user=still ego=BAD
[17:51:28.374] [VOICE_POLICY] person#73(f7) ahead: dist=305cm raw_vel=-235.5cm/s eff_vel=0.0cm/s ttc=n/a score=0.0 tier=NONE reason=static_stationary_suppression user=still ego=BAD
[17:51:28.570] [VOICE_POLICY] person#73(f8) ahead: dist=278cm raw_vel=-232.6cm/s eff_vel=0.0cm/s ttc=n/a score=1.2 tier=NONE reason=static_stationary_suppression user=still ego=BAD
[17:51:28.572] [VOICE_POLICY] person#73(f8) ahead: dist=240cm raw_vel=-230.6cm/s eff_vel=0.0cm/s ttc=n/a score=3.3 tier=NONE reason=static_stationary_suppression user=still ego=BAD
[17:51:28.738] [VOICE_POLICY] person#73(f9) ahead: dist=228cm raw_vel=-252.9cm/s eff_vel=0.0cm/s ttc=n/a score=4.0 tier=NONE reason=static_stationary_suppression user=still ego=BAD
[17:51:28.742] [VOICE_POLICY] person#73(f9) on your left: dist=193cm raw_vel=-274.5cm/s eff_vel=0.0cm/s ttc=n/a score=5.9 tier=NONE reason=static_stationary_suppression user=still ego=BAD
[17:51:28.931] [VOICE_POLICY] person#73(f10) on your left: dist=178cm raw_vel=-276.9cm/s eff_vel=0.0cm/s ttc=n/a score=6.7 tier=NONE reason=static_stationary_suppression user=still ego=BAD
[17:51:29.136] [VOICE] AWARE: "person on your left, 1.4 meters"
[17:51:29.137] [VOICE_POLICY] person#73(f11) on your left: dist=135cm raw_vel=-116.7cm/s eff_vel=0.0cm/s ttc=n/a score=8.2 tier=AWARENESS reason=side_pass_awareness user=still ego=BAD
[17:51:29.409] [VOICE_POLICY] person#73(f11) on your left: dist=404cm raw_vel=0.0cm/s eff_vel=0.0cm/s ttc=n/a score=0.0 tier=NONE reason=beyond_voice_distance user=still ego=BAD
[17:51:32.543] [LATENCY] label=AWARE text="person on your left, 1.4 meters" event_created=1779472289.137 enqueued=0.000s tts_start=0.001s play_start=0.013s play_end=3.406s queue_wait=0.001s synth=0.012s launch_wait=0.000s mode=clip_alert cache=hit cold_stream=yes silence_ms=220
[17:51:42.419] [VOICE] CLEAR: "cat stopped, 4.7 meters away"
[17:51:46.553] [LATENCY] label=CLEAR text="cat stopped, 4.7 meters away" event_created=1779472302.419 enqueued=0.000s tts_start=0.001s play_start=0.071s play_end=4.134s queue_wait=0.001s synth=0.070s launch_wait=0.000s mode=espeak_alert cache=fallback cold_stream=yes silence_ms=220
[17:51:47.680] [VOICE_POLICY] person#81(f3) ahead: dist=-1cm raw_vel=0.0cm/s eff_vel=0.0cm/s ttc=n/a score=0.0 tier=NONE reason=beyond_voice_distance user=still ego=BAD
[17:51:48.688] [VOICE_POLICY] person#81(f4) ahead: dist=749cm raw_vel=0.0cm/s eff_vel=0.0cm/s ttc=n/a score=0.0 tier=NONE reason=beyond_voice_distance user=still ego=BAD
[17:51:49.048] [VOICE_POLICY] person#82(f3) ahead: dist=758cm raw_vel=-21.5cm/s eff_vel=0.0cm/s ttc=n/a score=0.0 tier=NONE reason=beyond_voice_distance user=still ego=BAD
[17:51:49.057] [VOICE_POLICY] person#82(f3) ahead: dist=749cm raw_vel=-46.7cm/s eff_vel=0.0cm/s ttc=n/a score=0.0 tier=NONE reason=beyond_voice_distance user=still ego=BAD
[17:51:49.643] [VOICE] URGENT: "person ahead, 0.2 meters"
[17:51:52.488] [LATENCY] label=URGENT text="person ahead, 0.2 meters" event_created=1779472309.644 enqueued=0.000s tts_start=0.001s play_start=0.007s play_end=2.844s queue_wait=0.001s synth=0.006s launch_wait=0.000s mode=clip_alert cache=hit cold_stream=yes silence_ms=220
[17:51:56.026] [VOICE_POLICY] person#87(f3) on your right: dist=-1cm raw_vel=0.0cm/s eff_vel=0.0cm/s ttc=n/a score=0.0 tier=NONE reason=beyond_voice_distance user=still ego=OK
[17:51:56.029] [VOICE_POLICY] person#87(f3) on your right: dist=797cm raw_vel=0.0cm/s eff_vel=0.0cm/s ttc=n/a score=0.0 tier=NONE reason=beyond_voice_distance user=still ego=OK
[17:51:56.392] [VOICE_POLICY] person#87(f3) on your right: dist=714cm raw_vel=0.0cm/s eff_vel=0.0cm/s ttc=n/a score=0.0 tier=NONE reason=beyond_voice_distance user=still ego=OK
[17:51:56.590] [VOICE_POLICY] person#87(f4) on your right: dist=667cm raw_vel=-85.1cm/s eff_vel=-85.1cm/s ttc=7.8s score=600.0 tier=NONE reason=beyond_voice_distance user=still ego=OK
[17:51:56.590] [TTC]  person#87(f4) on your right: dist=667cm vel=-85.1cm/s TTC=7.8s tier=AWARE ego=OK
[17:51:56.595] [VOICE_POLICY] person#87(f4) on your right: dist=639cm raw_vel=-136.3cm/s eff_vel=-136.3cm/s ttc=4.7s score=600.0 tier=NONE reason=beyond_voice_distance user=still ego=OK
[17:51:56.595] [TTC]  person#87(f4) on your right: dist=639cm vel=-136.3cm/s TTC=4.7s tier=AWARE ego=OK
[17:51:56.756] [TTC]  person#87(f5) on your right: dist=633cm vel=-152.0cm/s TTC=4.2s tier=AWARE ego=OK
[17:51:56.760] [VOICE_POLICY] person#87(f5) on your right: dist=602cm raw_vel=-167.5cm/s eff_vel=-167.5cm/s ttc=3.6s score=600.0 tier=NONE reason=beyond_voice_distance user=still ego=OK
[17:51:56.760] [TTC]  person#87(f5) on your right: dist=602cm vel=-167.5cm/s TTC=3.6s tier=WARN ego=OK
[17:51:56.954] [VOICE_POLICY] person#87(f6) on your right: dist=590cm raw_vel=-147.4cm/s eff_vel=-147.4cm/s ttc=4.0s score=600.0 tier=NONE reason=beyond_voice_distance user=still ego=OK
[17:51:56.954] [TTC]  person#87(f6) on your right: dist=590cm vel=-147.4cm/s TTC=4.0s tier=AWARE ego=OK
[17:51:56.958] [VOICE_POLICY] person#87(f6) on your right: dist=529cm raw_vel=-176.2cm/s eff_vel=-176.2cm/s ttc=3.0s score=600.0 tier=NONE reason=beyond_voice_distance user=still ego=OK
[17:51:56.958] [TTC]  person#87(f6) on your right: dist=529cm vel=-176.2cm/s TTC=3.0s tier=WARN ego=OK
[17:51:57.592] [VOICE_POLICY] person#87(f7) on your right: dist=467cm raw_vel=0.0cm/s eff_vel=0.0cm/s ttc=n/a score=0.0 tier=NONE reason=beyond_voice_distance user=still ego=BAD
[17:51:57.623] [VOICE_POLICY] person#87(f7) on your right: dist=376cm raw_vel=0.0cm/s eff_vel=0.0cm/s ttc=n/a score=0.0 tier=NONE reason=beyond_voice_distance user=still ego=BAD
[17:51:57.824] [VOICE_POLICY] person#87(f7) on your right: dist=391cm raw_vel=-296.0cm/s eff_vel=0.0cm/s ttc=n/a score=0.0 tier=NONE reason=beyond_voice_distance user=still ego=BAD
[17:51:58.661] [VOICE_POLICY] person#95(f3) on your left: dist=154cm raw_vel=-172.2cm/s eff_vel=0.0cm/s ttc=n/a score=8.0 tier=NONE reason=static_stationary_suppression user=still ego=BAD
[17:51:58.894] [VOICE_POLICY] person#90(f5) ahead: dist=351cm raw_vel=-71.4cm/s eff_vel=0.0cm/s ttc=n/a score=0.0 tier=NONE reason=beyond_voice_distance user=still ego=BAD
[17:51:59.557] [VOICE_POLICY] person#90(f9) ahead: dist=361cm raw_vel=44.5cm/s eff_vel=0.0cm/s ttc=n/a score=0.0 tier=NONE reason=beyond_voice_distance user=still ego=BAD
[17:52:01.627] [VOICE_POLICY] person#90(f23) ahead: dist=386cm raw_vel=1.2cm/s eff_vel=0.0cm/s ttc=n/a score=0.0 tier=NONE reason=beyond_voice_distance user=still ego=BAD
[17:52:01.629] [VOICE_POLICY] person#90(f23) ahead: dist=401cm raw_vel=39.3cm/s eff_vel=0.0cm/s ttc=n/a score=0.0 tier=NONE reason=beyond_voice_distance user=still ego=BAD
[17:52:03.737] [VOICE_POLICY] person#90(f36) ahead: dist=401cm raw_vel=0.1cm/s eff_vel=0.0cm/s ttc=n/a score=0.0 tier=NONE reason=beyond_voice_distance user=still ego=BAD
[17:52:04.462] [VOICE_POLICY] person#90(f40) ahead: dist=426cm raw_vel=0.0cm/s eff_vel=0.0cm/s ttc=n/a score=0.0 tier=NONE reason=beyond_voice_distance user=still ego=BAD
[17:52:05.064] [VOICE_POLICY] person#90(f43) ahead: dist=465cm raw_vel=52.1cm/s eff_vel=0.0cm/s ttc=n/a score=0.0 tier=NONE reason=beyond_voice_distance user=still ego=BAD
[17:52:05.800] [VOICE_POLICY] person#90(f47) ahead: dist=483cm raw_vel=51.8cm/s eff_vel=0.0cm/s ttc=n/a score=0.0 tier=NONE reason=beyond_voice_distance user=still ego=BAD
[17:52:05.995] [VOICE_POLICY] person#90(f47) ahead: dist=525cm raw_vel=129.5cm/s eff_vel=0.0cm/s ttc=n/a score=0.0 tier=NONE reason=beyond_voice_distance user=still ego=BAD
[17:52:06.001] [VOICE_POLICY] person#90(f47) ahead: dist=574cm raw_vel=223.1cm/s eff_vel=0.0cm/s ttc=n/a score=0.0 tier=NONE reason=beyond_voice_distance user=still ego=BAD
[17:52:06.202] [VOICE_POLICY] person#90(f47) ahead: dist=706cm raw_vel=391.7cm/s eff_vel=0.0cm/s ttc=n/a score=0.0 tier=NONE reason=beyond_voice_distance user=still ego=BAD
[17:52:06.436] [VOICE_POLICY] person#90(f47) ahead: dist=731cm raw_vel=404.5cm/s eff_vel=0.0cm/s ttc=n/a score=0.0 tier=NONE reason=beyond_voice_distance user=still ego=BAD
[17:52:06.829] [VOICE_POLICY] person#96(f6) ahead: dist=735cm raw_vel=540.5cm/s eff_vel=0.0cm/s ttc=n/a score=0.0 tier=NONE reason=beyond_voice_distance user=still ego=BAD
[17:52:07.070] [VOICE_POLICY] person#96(f6) ahead: dist=626cm raw_vel=28.8cm/s eff_vel=0.0cm/s ttc=n/a score=0.0 tier=NONE reason=beyond_voice_distance user=still ego=BAD
[17:52:07.629] [VOICE_POLICY] person#98(f4) on your left: dist=476cm raw_vel=0.9cm/s eff_vel=0.0cm/s ttc=n/a score=0.0 tier=NONE reason=beyond_voice_distance user=still ego=BAD
[17:52:07.806] [VOICE_POLICY] person#98(f5) on your left: dist=487cm raw_vel=23.9cm/s eff_vel=0.0cm/s ttc=n/a score=0.0 tier=NONE reason=beyond_voice_distance user=still ego=BAD
[17:52:08.396] [TTC]  person#98(f8) on your left: dist=495cm vel=-80.0cm/s TTC=6.2s tier=AWARE ego=OK
[17:52:08.631] [VOICE_POLICY] person#98(f8) on your left: dist=698cm raw_vel=0.0cm/s eff_vel=0.0cm/s ttc=n/a score=0.0 tier=NONE reason=beyond_voice_distance user=still ego=OK
[17:52:08.633] [VOICE_POLICY] person#98(f8) on your left: dist=667cm raw_vel=0.0cm/s eff_vel=0.0cm/s ttc=n/a score=0.0 tier=NONE reason=beyond_voice_distance user=still ego=OK
[17:52:08.832] [VOICE_POLICY] person#98(f8) on your left: dist=653cm raw_vel=-365.5cm/s eff_vel=0.0cm/s ttc=n/a score=0.0 tier=NONE reason=beyond_voice_distance user=still ego=BAD
[17:52:08.834] [VOICE_POLICY] person#98(f8) on your left: dist=626cm raw_vel=-297.6cm/s eff_vel=0.0cm/s ttc=n/a score=0.0 tier=NONE reason=beyond_voice_distance user=still ego=BAD
[17:52:09.033] [VOICE_POLICY] person#98(f8) on your left: dist=590cm raw_vel=-210.0cm/s eff_vel=0.0cm/s ttc=n/a score=0.0 tier=NONE reason=beyond_voice_distance user=still ego=BAD
[17:52:18.933] [VOICE] WARN: "person ahead, 0.5 meters"
[17:52:18.984] [LATENCY] label=WARN text="person ahead, 0.5 meters" event_created=1779472338.934 enqueued=0.000s tts_start=0.001s play_start=0.000s play_end=0.000s queue_wait=0.001s synth=0.015s launch_wait=0.000s mode=clip_alert cache=hit cold_stream=yes silence_ms=220
[17:52:18.985] [VOICE] Skipped before playback due to higher-priority pending: "person ahead, 0.5 meters"
[17:52:18.985] [VOICE] URGENT: "person ahead, 0.2 meters"
[17:52:19.113] [VOICE_POLICY] person#100(f3) ahead: dist=77cm raw_vel=30.5cm/s eff_vel=30.5cm/s ttc=n/a score=7.3 tier=NONE reason=static_stationary_suppression user=still ego=BAD
[17:52:19.431] [TTC]  person#100(f4) ahead: dist=31cm vel=-14.7cm/s TTC=2.1s tier=WARN ego=BAD
[17:52:19.434] [TTC]  person#100(f4) ahead: dist=25cm vel=-81.2cm/s TTC=0.3s tier=URGENT ego=BAD
[17:52:19.598] [TTC]  person#100(f4) ahead: dist=23cm vel=-73.0cm/s TTC=0.3s tier=URGENT ego=BAD
[17:52:19.601] [TTC]  person#100(f4) ahead: dist=36cm vel=-36.5cm/s TTC=1.0s tier=URGENT ego=BAD
[17:52:19.907] [TTC]  person#100(f4) ahead: dist=16cm vel=-14.7cm/s TTC=1.1s tier=URGENT ego=BAD
[17:52:20.070] [TTC]  person#100(f4) ahead: dist=20cm vel=-45.1cm/s TTC=0.4s tier=URGENT ego=BAD
[17:52:20.074] [TTC]  person#100(f4) ahead: dist=15cm vel=-48.8cm/s TTC=0.3s tier=URGENT ego=BAD
[17:52:20.237] [VOICE] Dropped CLEAR (busy_audio_channel): "person moving away"
[17:52:21.890] [LATENCY] label=URGENT text="person ahead, 0.2 meters" event_created=1779472338.937 enqueued=0.000s tts_start=0.051s play_start=0.103s play_end=2.954s queue_wait=0.051s synth=0.053s launch_wait=0.000s mode=clip_alert cache=hit cold_stream=yes silence_ms=220
[17:52:21.890] [VOICE] URGENT: "person ahead, 0.5 meters"
[17:52:24.885] [LATENCY] label=URGENT text="person ahead, 0.5 meters" event_created=1779472339.601 enqueued=0.000s tts_start=2.323s play_start=2.325s play_end=5.283s queue_wait=2.323s synth=0.002s launch_wait=0.000s mode=clip_alert cache=hit cold_stream=no silence_ms=0
[17:52:30.047] [VOICE] URGENT: "person on your left, 0.2 meters"
[17:52:30.048] [TTC]  person#104(f6) on your left: dist=22cm vel=-145.6cm/s TTC=0.2s tier=URGENT ego=BAD
[17:52:30.053] [TTC]  person#104(f6) on your left: dist=24cm vel=-340.2cm/s TTC=0.1s tier=URGENT ego=BAD
[17:52:30.353] [TTC]  person#104(f7) on your left: dist=24cm vel=-259.5cm/s TTC=0.1s tier=URGENT ego=BAD
[17:52:30.378] [TTC]  person#104(f7) on your left: dist=36cm vel=-115.3cm/s TTC=0.3s tier=URGENT ego=BAD
[17:52:30.517] [TTC]  person#104(f7) on your left: dist=36cm vel=-43.5cm/s TTC=0.8s tier=URGENT ego=BAD
[17:52:30.520] [TTC]  person#104(f7) on your left: dist=38cm vel=-5.9cm/s TTC=6.4s tier=AWARE ego=BAD
[17:52:30.677] [VOICE] Dropped CLEAR (busy_audio_channel): "person moving away"
[17:52:30.813] [TTC]  person#104(f7) on your left: dist=28cm vel=-16.3cm/s TTC=1.7s tier=URGENT ego=BAD
[17:52:30.945] [VOICE_POLICY] person#104(f7) on your left: dist=275cm raw_vel=0.0cm/s eff_vel=0.0cm/s ttc=n/a score=1.2 tier=NONE reason=static_stationary_suppression user=still ego=BAD
[17:52:31.118] [VOICE_POLICY] person#104(f7) on your left: dist=330cm raw_vel=160.4cm/s eff_vel=0.0cm/s ttc=n/a score=0.0 tier=NONE reason=beyond_voice_distance user=still ego=BAD
[17:52:33.453] [LATENCY] label=URGENT text="person on your left, 0.2 meters" event_created=1779472350.048 enqueued=0.000s tts_start=0.001s play_start=0.030s play_end=3.405s queue_wait=0.001s synth=0.030s launch_wait=0.000s mode=clip_alert cache=hit cold_stream=yes silence_ms=220
[17:52:33.453] [VOICE] URGENT: "person on your left, 0.5 meters"
[17:52:34.315] [VOICE_POLICY] chair#109(f6) on your right: dist=231cm raw_vel=-53.3cm/s eff_vel=0.0cm/s ttc=n/a score=2.0 tier=NONE reason=static_stationary_suppression user=still ego=BAD
[17:52:35.386] [VOICE_POLICY] chair#113(f3) ahead: dist=130cm raw_vel=-78.8cm/s eff_vel=0.0cm/s ttc=n/a score=5.3 tier=NONE reason=static_stationary_suppression user=still ego=BAD
[17:52:35.417] [VOICE_POLICY] chair#113(f3) ahead: dist=168cm raw_vel=-16.1cm/s eff_vel=0.0cm/s ttc=n/a score=3.5 tier=NONE reason=static_stationary_suppression user=still ego=BAD
[17:52:35.649] [VOICE_POLICY] chair#111(f3) on your left: dist=95cm raw_vel=0.0cm/s eff_vel=0.0cm/s ttc=n/a score=14.7 tier=NONE reason=static_stationary_suppression user=still ego=BAD
[17:52:35.828] [TTC]  chair#111(f3) on your left: dist=90cm vel=-332.4cm/s TTC=0.3s tier=URGENT ego=BAD
[17:52:35.862] [TTC]  chair#111(f3) on your left: dist=110cm vel=-258.9cm/s TTC=0.4s tier=URGENT ego=BAD
[17:52:36.056] [TTC]  chair#111(f3) on your left: dist=111cm vel=-179.7cm/s TTC=0.6s tier=URGENT ego=BAD
[17:52:36.115] [TTC]  chair#111(f3) on your left: dist=101cm vel=-89.9cm/s TTC=1.1s tier=URGENT ego=BAD
[17:52:36.485] [VOICE_POLICY] chair#113(f4) ahead: dist=105cm raw_vel=0.0cm/s eff_vel=0.0cm/s ttc=n/a score=13.2 tier=NONE reason=static_stationary_suppression user=still ego=OK
[17:52:36.494] [VOICE_POLICY] chair#109(f9) on your right: dist=255cm raw_vel=53.6cm/s eff_vel=53.6cm/s ttc=n/a score=0.2 tier=NONE reason=static_stationary_suppression user=still ego=OK
[17:52:36.690] [VOICE_POLICY] chair#109(f10) on your right: dist=275cm raw_vel=0.0cm/s eff_vel=0.0cm/s ttc=n/a score=0.7 tier=NONE reason=static_stationary_suppression user=still ego=OK
[17:52:36.819] [LATENCY] label=URGENT text="person on your left, 0.5 meters" event_created=1779472350.677 enqueued=0.000s tts_start=2.777s play_start=2.805s play_end=6.141s queue_wait=2.777s synth=0.027s launch_wait=0.000s mode=clip_alert cache=hit cold_stream=no silence_ms=0
[17:52:36.819] [VOICE] URGENT: "obstacle on your left, 1.1 meters"
[17:52:36.985] [VOICE_POLICY] chair#109(f11) on your right: dist=226cm raw_vel=68.8cm/s eff_vel=68.8cm/s ttc=n/a score=0.4 tier=NONE reason=static_stationary_suppression user=still ego=OK
[17:52:37.518] [VOICE_POLICY] chair#109(f11) on your right: dist=162cm raw_vel=29.1cm/s eff_vel=29.1cm/s ttc=n/a score=0.7 tier=NONE reason=static_stationary_suppression user=still ego=OK
[17:52:39.186] [VOICE_POLICY] person#118(f3) on your right: dist=174cm raw_vel=-19.3cm/s eff_vel=-19.3cm/s ttc=9.0s score=296.4 tier=NONE reason=no_actionable_distance_or_ttc user=still ego=OK
[17:52:39.186] [TTC]  person#118(f3) on your right: dist=174cm vel=-19.3cm/s TTC=9.0s tier=NONE ego=OK
[17:52:39.194] [VOICE] Dropped AWARE (busy_audio_channel): "person on your right, 1.7 meters"
[17:52:39.194] [TTC]  person#118(f3) on your right: dist=165cm vel=-37.2cm/s TTC=4.4s tier=AWARE ego=OK
[17:52:39.387] [TTC]  person#118(f3) on your right: dist=165cm vel=-50.2cm/s TTC=3.3s tier=WARN ego=OK
[17:52:39.395] [TTC]  person#118(f3) on your right: dist=165cm vel=-55.7cm/s TTC=3.0s tier=WARN ego=OK
[17:52:39.588] [TTC]  person#118(f3) on your right: dist=165cm vel=-51.9cm/s TTC=3.2s tier=WARN ego=OK
[17:52:39.596] [VOICE] Dropped AWARE (busy_audio_channel): "person on your right, 1.7 meters"
[17:52:39.596] [TTC]  person#118(f3) on your right: dist=165cm vel=-39.4cm/s TTC=4.2s tier=AWARE ego=OK
[17:52:39.787] [VOICE] Dropped AWARE (busy_audio_channel): "person on your right, 1.7 meters"
[17:52:39.787] [TTC]  person#118(f3) on your right: dist=175cm vel=-22.5cm/s TTC=7.8s tier=AWARE ego=OK
[17:52:39.795] [VOICE_POLICY] person#118(f3) on your right: dist=105cm raw_vel=-71.1cm/s eff_vel=-71.1cm/s ttc=1.5s score=600.0 tier=WARNING reason=side_pass_warning user=still ego=OK
[17:52:39.795] [TTC]  person#118(f3) on your right: dist=105cm vel=-71.1cm/s TTC=1.5s tier=URGENT ego=OK
[17:52:39.986] [TTC]  person#118(f3) on your right: dist=105cm vel=-131.5cm/s TTC=0.8s tier=URGENT ego=OK
[17:52:39.994] [VOICE] Dropped AWARE (busy_audio_channel): "person on your right, 2.3 meters"
[17:52:39.995] [TTC]  person#118(f3) on your right: dist=225cm vel=-55.0cm/s TTC=4.1s tier=AWARE ego=OK
[17:52:40.184] [LATENCY] label=URGENT text="obstacle on your left, 1.1 meters" event_created=1779472356.115 enqueued=0.000s tts_start=0.710s play_start=0.739s play_end=4.069s queue_wait=0.710s synth=0.029s launch_wait=0.000s mode=clip_alert cache=hit cold_stream=no silence_ms=0
[17:52:40.185] [VOICE] URGENT: "Watch out, person on your right, 1.1 meters"
[17:52:40.190] [VOICE] Dropped CLEAR (busy_audio_channel): "path clear"
[17:52:40.820] [VOICE_POLICY] person#122(f3) on your right: dist=172cm raw_vel=-14.7cm/s eff_vel=-14.7cm/s ttc=11.7s score=226.9 tier=NONE reason=no_actionable_distance_or_ttc user=still ego=OK
[17:52:40.820] [TTC]  person#122(f3) on your right: dist=172cm vel=-14.7cm/s TTC=11.7s tier=NONE ego=OK
[17:52:40.824] [TTC]  person#122(f3) on your right: dist=172cm vel=-15.0cm/s TTC=11.4s tier=NONE ego=OK
[17:52:40.988] [TTC]  person#122(f4) on your right: dist=171cm vel=-15.2cm/s TTC=11.2s tier=NONE ego=OK
[17:52:40.996] [TTC]  person#122(f4) on your right: dist=172cm vel=-15.3cm/s TTC=11.3s tier=NONE ego=OK
[17:52:41.187] [TTC]  person#122(f5) on your right: dist=172cm vel=-15.3cm/s TTC=11.2s tier=NONE ego=OK
[17:52:41.193] [TTC]  person#122(f5) on your right: dist=172cm vel=-15.3cm/s TTC=11.2s tier=NONE ego=OK
[17:52:41.388] [VOICE_POLICY] person#122(f6) on your right: dist=174cm raw_vel=-15.4cm/s eff_vel=0.0cm/s ttc=n/a score=6.3 tier=NONE reason=static_stationary_suppression user=still ego=BAD
[17:52:41.889] [VOICE_POLICY] person#125(f3) ahead: dist=170cm raw_vel=-25.5cm/s eff_vel=0.0cm/s ttc=n/a score=7.2 tier=NONE reason=static_stationary_suppression user=still ego=BAD
[17:52:42.097] [TTC]  laptop#126(f3) ahead: dist=105cm vel=-51.9cm/s TTC=2.0s tier=WARN ego=BAD
[17:52:42.297] [VOICE_POLICY] laptop#126(f4) ahead: dist=125cm raw_vel=-99.3cm/s eff_vel=0.0cm/s ttc=n/a score=8.3 tier=NONE reason=static_stationary_suppression user=still ego=BAD
[17:52:42.492] [TTC]  person#125(f6) ahead: dist=135cm vel=-61.5cm/s TTC=2.2s tier=WARN ego=OK
[17:52:42.520] [VOICE_POLICY] laptop#126(f4) ahead: dist=121cm raw_vel=-10.1cm/s eff_vel=-10.1cm/s ttc=11.9s score=111.1 tier=NONE reason=no_actionable_distance_or_ttc user=still ego=OK
[17:52:42.520] [TTC]  laptop#126(f4) ahead: dist=121cm vel=-10.1cm/s TTC=11.9s tier=NONE ego=OK
[17:52:42.727] [VOICE] Dropped AWARE (busy_audio_channel): "obstacle ahead, 1.1 meters"
[17:52:42.727] [TTC]  laptop#126(f4) ahead: dist=105cm vel=-17.5cm/s TTC=6.0s tier=AWARE ego=OK
[17:52:43.065] [VOICE_POLICY] person#128(f3) on your left: dist=93cm raw_vel=-48.0cm/s eff_vel=-48.0cm/s ttc=1.9s score=600.0 tier=WARNING reason=side_pass_warning user=still ego=OK
[17:52:43.066] [TTC]  person#128(f3) on your left: dist=93cm vel=-48.0cm/s TTC=1.9s tier=URGENT ego=OK
[17:52:43.127] [VOICE_POLICY] person#128(f3) on your left: dist=86cm raw_vel=-37.4cm/s eff_vel=-37.4cm/s ttc=2.3s score=600.0 tier=WARNING reason=side_pass_warning user=still ego=OK
[17:52:43.127] [TTC]  person#128(f3) on your left: dist=86cm vel=-37.4cm/s TTC=2.3s tier=WARN ego=OK
[17:52:43.293] [TTC]  person#128(f4) on your left: dist=83cm vel=-31.1cm/s TTC=2.7s tier=WARN ego=OK
[17:52:43.326] [TTC]  person#128(f4) on your left: dist=86cm vel=-12.3cm/s TTC=7.0s tier=AWARE ego=OK
[17:52:43.630] [VOICE_POLICY] laptop#129(f3) on your left: dist=83cm raw_vel=6.8cm/s eff_vel=6.8cm/s ttc=n/a score=4.9 tier=NONE reason=static_stationary_suppression user=still ego=OK
[17:52:43.731] [LATENCY] label=URGENT text="Watch out, person on your right, 1.1 met" event_created=1779472359.987 enqueued=0.000s tts_start=0.199s play_start=0.201s play_end=3.719s queue_wait=0.199s synth=0.002s launch_wait=0.000s mode=clip_alert cache=hit cold_stream=no silence_ms=0
[17:52:43.731] [VOICE] URGENT: "Watch out, person on your left, 0.8 meters"
[17:52:44.092] [VOICE_POLICY] laptop#129(f3) on your left: dist=81cm raw_vel=-8.0cm/s eff_vel=-8.0cm/s ttc=10.2s score=112.8 tier=NONE reason=no_actionable_distance_or_ttc user=still ego=OK
[17:52:44.092] [TTC]  laptop#129(f3) on your left: dist=81cm vel=-8.0cm/s TTC=10.2s tier=NONE ego=OK
[17:52:44.097] [VOICE_POLICY] laptop#129(f3) on your left: dist=92cm raw_vel=-4.0cm/s eff_vel=0.0cm/s ttc=n/a score=21.3 tier=NONE reason=static_stationary_suppression user=still ego=OK
[17:52:44.293] [TTC]  person#128(f9) on your left: dist=92cm vel=-132.5cm/s TTC=0.7s tier=URGENT ego=OK
[17:52:44.302] [TTC]  person#128(f9) on your left: dist=94cm vel=-230.4cm/s TTC=0.4s tier=URGENT ego=OK
[17:52:44.528] [TTC]  person#128(f10) on your left: dist=95cm vel=-192.8cm/s TTC=0.5s tier=URGENT ego=OK
[17:52:44.531] [TTC]  person#128(f10) on your left: dist=95cm vel=-77.2cm/s TTC=1.2s tier=URGENT ego=OK
[17:52:44.724] [TTC]  person#128(f11) on your left: dist=94cm vel=-38.6cm/s TTC=2.4s tier=WARN ego=OK
[17:52:44.726] [TTC]  person#128(f11) on your left: dist=85cm vel=-25.2cm/s TTC=3.4s tier=WARN ego=OK
[17:52:44.894] [TTC]  person#128(f12) on your left: dist=86cm vel=-25.3cm/s TTC=3.4s tier=WARN ego=OK
[17:52:44.898] [TTC]  person#128(f12) on your left: dist=85cm vel=-25.9cm/s TTC=3.3s tier=WARN ego=OK
[17:52:45.125] [TTC]  person#128(f13) on your left: dist=85cm vel=-20.0cm/s TTC=4.3s tier=AWARE ego=OK
[17:52:45.130] [VOICE_POLICY] person#128(f13) on your left: dist=84cm raw_vel=-8.2cm/s eff_vel=-8.2cm/s ttc=10.2s score=172.2 tier=WARNING reason=side_pass_warning user=still ego=OK
[17:52:45.130] [TTC]  person#128(f13) on your left: dist=84cm vel=-8.2cm/s TTC=10.2s tier=NONE ego=OK
[17:52:45.392] [VOICE] Dropped CLEAR (busy_audio_channel): "person stopped, 0.8 meters away"
[17:52:45.595] [VOICE_POLICY] person#128(f15) ahead: dist=84cm raw_vel=4.4cm/s eff_vel=0.0cm/s ttc=n/a score=36.3 tier=NONE reason=static_stationary_suppression user=still ego=OK
[17:52:46.501] [VOICE_POLICY] person#128(f20) ahead: dist=90cm raw_vel=8.0cm/s eff_vel=8.0cm/s ttc=n/a score=6.6 tier=NONE reason=static_stationary_suppression user=still ego=OK
[17:52:47.495] [TTC]  chair#130(f9) on your left: dist=55cm vel=-4.7cm/s TTC=11.8s tier=NONE ego=OK
[17:52:47.700] [LATENCY] label=URGENT text="Watch out, person on your left, 0.8 mete" event_created=1779472363.625 enqueued=0.000s tts_start=0.107s play_start=0.149s play_end=4.075s queue_wait=0.107s synth=0.041s launch_wait=0.000s mode=clip_alert cache=hit cold_stream=no silence_ms=0
[17:52:47.700] [VOICE] URGENT: "Watch out, person on your left, 0.8 meters"
[17:52:50.496] [VOICE_POLICY] person#132(f10) ahead: dist=117cm raw_vel=0.0cm/s eff_vel=0.0cm/s ttc=n/a score=18.2 tier=NONE reason=static_stationary_suppression user=still ego=OK
[17:52:51.502] [VOICE] Dropped AWARE (busy_audio_channel): "person on your left, 1.1 meters"
[17:52:51.502] [VOICE_POLICY] person#132(f15) on your left: dist=114cm raw_vel=0.0cm/s eff_vel=0.0cm/s ttc=n/a score=19.8 tier=AWARENESS reason=side_pass_awareness user=still ego=OK
[17:52:51.673] [LATENCY] label=URGENT text="Watch out, person on your left, 0.8 mete" event_created=1779472365.393 enqueued=0.000s tts_start=2.310s play_start=2.312s play_end=6.278s queue_wait=2.310s synth=0.002s launch_wait=0.000s mode=clip_alert cache=hit cold_stream=no silence_ms=0
[17:52:51.674] [VOICE] WARN: "obstacle on your left, 0.5 meters"
[17:52:51.841] [VOICE] Dropped AWARE (busy_audio_channel): "person on your left, 1.1 meters"
[17:52:51.864] [VOICE] Dropped AWARE (busy_audio_channel): "person on your left, 1.1 meters"
[17:52:52.064] [VOICE] Dropped AWARE (busy_audio_channel): "person on your left, 1.1 meters"
[17:52:52.067] [VOICE_POLICY] person#132(f17) on your left: dist=218cm raw_vel=58.2cm/s eff_vel=58.2cm/s ttc=n/a score=0.9 tier=NONE reason=static_stationary_suppression user=still ego=OK
[17:52:52.266] [VOICE_POLICY] person#132(f17) on your left: dist=271cm raw_vel=282.6cm/s eff_vel=0.0cm/s ttc=n/a score=1.6 tier=NONE reason=static_stationary_suppression user=still ego=BAD
[17:52:53.131] [VOICE_POLICY] chair#135(f3) on your right: dist=174cm raw_vel=-63.9cm/s eff_vel=0.0cm/s ttc=n/a score=3.7 tier=NONE reason=static_stationary_suppression user=still ego=BAD
[17:52:53.604] [TTC]  chair#135(f5) on your right: dist=112cm vel=-82.7cm/s TTC=1.4s tier=URGENT ego=BAD
[17:52:53.834] [TTC]  chair#135(f6) on your right: dist=112cm vel=-105.4cm/s TTC=1.1s tier=URGENT ego=BAD
[17:52:53.838] [TTC]  chair#135(f6) on your right: dist=97cm vel=-119.5cm/s TTC=0.8s tier=URGENT ego=BAD
[17:52:54.062] [TTC]  chair#135(f7) on your right: dist=95cm vel=-109.6cm/s TTC=0.9s tier=URGENT ego=BAD
[17:52:54.067] [VOICE_POLICY] chair#135(f7) on your right: dist=135cm raw_vel=-44.9cm/s eff_vel=0.0cm/s ttc=n/a score=4.0 tier=NONE reason=static_stationary_suppression user=still ego=BAD
[17:52:54.264] [VOICE] Dropped AWARE (busy_audio_channel): "obstacle on your right, 1.1 meters"
[17:52:54.264] [TTC]  chair#135(f7) on your right: dist=116cm vel=-22.4cm/s TTC=5.2s tier=AWARE ego=BAD
[17:52:54.269] [VOICE_POLICY] chair#135(f7) on your right: dist=105cm raw_vel=5.4cm/s eff_vel=5.4cm/s ttc=n/a score=2.4 tier=NONE reason=static_stationary_suppression user=still ego=BAD
[17:52:54.502] [TTC]  chair#136(f4) ahead: dist=105cm vel=-210.3cm/s TTC=0.5s tier=URGENT ego=BAD
[17:52:54.731] [TTC]  chair#136(f4) ahead: dist=105cm vel=-312.0cm/s TTC=0.3s tier=URGENT ego=BAD
[17:52:54.742] [TTC]  chair#136(f4) ahead: dist=105cm vel=-309.3cm/s TTC=0.3s tier=URGENT ego=BAD
[17:52:54.975] [TTC]  chair#136(f4) ahead: dist=105cm vel=-242.8cm/s TTC=0.4s tier=URGENT ego=BAD
[17:52:55.111] [LATENCY] label=WARN text="obstacle on your left, 0.5 meters" event_created=1779472370.494 enqueued=0.000s tts_start=1.182s play_start=1.210s play_end=4.617s queue_wait=1.182s synth=0.028s launch_wait=0.000s mode=clip_alert cache=hit cold_stream=no silence_ms=0
[17:52:55.151] [VOICE] URGENT: "obstacle ahead, 1.1 meters"
[17:52:55.634] [VOICE_POLICY] dining table#137(f5) ahead: dist=135cm raw_vel=0.0cm/s eff_vel=0.0cm/s ttc=n/a score=3.5 tier=NONE reason=static_stationary_suppression user=still ego=OK
[17:52:55.967] [VOICE_POLICY] dining table#137(f5) ahead: dist=311cm raw_vel=0.0cm/s eff_vel=0.0cm/s ttc=n/a score=0.0 tier=NONE reason=static_stationary_suppression user=still ego=BAD
[17:52:56.166] [VOICE_POLICY] dining table#137(f5) ahead: dist=330cm raw_vel=104.4cm/s eff_vel=0.0cm/s ttc=n/a score=0.0 tier=NONE reason=beyond_voice_distance user=still ego=BAD
[17:52:56.172] [VOICE_POLICY] dining table#137(f5) ahead: dist=409cm raw_vel=222.3cm/s eff_vel=0.0cm/s ttc=n/a score=0.0 tier=NONE reason=beyond_voice_distance user=still ego=BAD
[17:52:58.199] [LATENCY] label=URGENT text="obstacle ahead, 1.1 meters" event_created=1779472374.975 enqueued=0.000s tts_start=0.204s play_start=0.262s play_end=3.224s queue_wait=0.204s synth=0.058s launch_wait=0.000s mode=clip_alert cache=hit cold_stream=no silence_ms=0
[17:53:01.298] [VOICE_POLICY] chair#149(f3) on your left: dist=132cm raw_vel=-69.1cm/s eff_vel=0.0cm/s ttc=n/a score=4.8 tier=NONE reason=static_stationary_suppression user=still ego=BAD
[17:53:01.566] [VOICE] URGENT: "obstacle on your left, 1.1 meters"
[17:53:01.567] [TTC]  chair#149(f3) on your left: dist=105cm vel=-71.7cm/s TTC=1.5s tier=URGENT ego=BAD
[17:53:01.906] [TTC]  chair#149(f3) on your left: dist=105cm vel=-59.5cm/s TTC=1.8s tier=URGENT ego=BAD
[17:53:01.913] [VOICE_POLICY] chair#149(f3) on your left: dist=105cm raw_vel=0.0cm/s eff_vel=0.0cm/s ttc=n/a score=12.0 tier=NONE reason=static_stationary_suppression user=still ego=BAD
[17:53:02.170] [VOICE_POLICY] person#148(f6) on your right: dist=383cm raw_vel=-49.2cm/s eff_vel=0.0cm/s ttc=n/a score=0.0 tier=NONE reason=beyond_voice_distance user=still ego=BAD
[17:53:02.178] [VOICE_POLICY] person#148(f6) on your right: dist=472cm raw_vel=10.1cm/s eff_vel=0.0cm/s ttc=n/a score=0.0 tier=NONE reason=beyond_voice_distance user=still ego=BAD
[17:53:02.405] [VOICE_POLICY] person#148(f6) on your right: dist=499cm raw_vel=111.3cm/s eff_vel=0.0cm/s ttc=n/a score=0.0 tier=NONE reason=beyond_voice_distance user=still ego=BAD
[17:53:02.644] [VOICE_POLICY] person#148(f6) on your right: dist=353cm raw_vel=-144.9cm/s eff_vel=0.0cm/s ttc=n/a score=0.0 tier=NONE reason=beyond_voice_distance user=still ego=BAD
[17:53:02.878] [VOICE_POLICY] person#151(f5) on your right: dist=376cm raw_vel=-65.1cm/s eff_vel=0.0cm/s ttc=n/a score=0.0 tier=NONE reason=beyond_voice_distance user=still ego=BAD
[17:53:04.279] [VOICE_POLICY] person#156(f5) on your right: dist=246cm raw_vel=-90.1cm/s eff_vel=0.0cm/s ttc=n/a score=3.0 tier=NONE reason=static_stationary_suppression user=still ego=BAD
[17:53:04.511] [VOICE_POLICY] person#156(f6) on your right: dist=238cm raw_vel=-79.9cm/s eff_vel=0.0cm/s ttc=n/a score=3.4 tier=NONE reason=static_stationary_suppression user=still ego=BAD
[17:53:04.913] [VOICE_POLICY] person#156(f8) on your right: dist=204cm raw_vel=-75.2cm/s eff_vel=0.0cm/s ttc=n/a score=5.3 tier=NONE reason=static_stationary_suppression user=still ego=BAD
[17:53:05.239] [LATENCY] label=URGENT text="obstacle on your left, 1.1 meters" event_created=1779472381.547 enqueued=0.000s tts_start=0.020s play_start=0.028s play_end=3.692s queue_wait=0.020s synth=0.008s launch_wait=0.000s mode=clip_alert cache=hit cold_stream=yes silence_ms=220
[17:53:05.572] [VOICE_POLICY] person#156(f11) on your right: dist=179cm raw_vel=-51.2cm/s eff_vel=0.0cm/s ttc=n/a score=6.7 tier=NONE reason=static_stationary_suppression user=still ego=BAD
[17:53:06.038] [VOICE] AWARE: "person on your right, 1.4 meters"
[17:53:06.039] [VOICE_POLICY] person#156(f13) on your right: dist=149cm raw_vel=-64.1cm/s eff_vel=0.0cm/s ttc=n/a score=0.6 tier=AWARENESS reason=side_pass_awareness user=still ego=BAD
[17:53:06.538] [TTC]  person#156(f15) on your right: dist=120cm vel=-51.2cm/s TTC=2.3s tier=WARN ego=BAD
[17:53:06.772] [VOICE_POLICY] person#156(f15) on your right: dist=311cm raw_vel=0.0cm/s eff_vel=0.0cm/s ttc=n/a score=0.0 tier=NONE reason=static_stationary_suppression user=still ego=BAD
[17:53:07.044] [VOICE_POLICY] person#156(f15) on your right: dist=287cm raw_vel=-34.2cm/s eff_vel=0.0cm/s ttc=n/a score=0.7 tier=NONE reason=static_stationary_suppression user=still ego=BAD
[17:53:07.338] [VOICE_POLICY] person#156(f15) on your right: dist=268cm raw_vel=-55.9cm/s eff_vel=0.0cm/s ttc=n/a score=1.8 tier=NONE reason=static_stationary_suppression user=still ego=BAD
[17:53:07.576] [VOICE_POLICY] tv#161(f11) on your left: dist=472cm raw_vel=-39.1cm/s eff_vel=0.0cm/s ttc=n/a score=0.0 tier=NONE reason=beyond_voice_distance user=still ego=OK
[17:53:07.804] [VOICE_POLICY] tv#161(f12) on your left: dist=448cm raw_vel=-2.6cm/s eff_vel=0.0cm/s ttc=n/a score=0.0 tier=NONE reason=beyond_voice_distance user=still ego=BAD
[17:53:08.045] [VOICE_POLICY] tv#161(f13) on your left: dist=417cm raw_vel=-53.4cm/s eff_vel=0.0cm/s ttc=n/a score=0.0 tier=NONE reason=beyond_voice_distance user=still ego=BAD
[17:53:08.414] [VOICE_POLICY] tv#161(f15) on your left: dist=388cm raw_vel=-95.8cm/s eff_vel=0.0cm/s ttc=n/a score=0.0 tier=NONE reason=beyond_voice_distance user=still ego=BAD
[17:53:08.845] [VOICE_POLICY] tv#161(f16) on your left: dist=326cm raw_vel=-80.9cm/s eff_vel=0.0cm/s ttc=n/a score=0.0 tier=NONE reason=beyond_voice_distance user=still ego=BAD
[17:53:09.043] [LATENCY] label=AWARE text="person on your right, 1.4 meters" event_created=1779472386.039 enqueued=0.000s tts_start=0.001s play_start=0.003s play_end=3.004s queue_wait=0.001s synth=0.002s launch_wait=0.000s mode=clip_alert cache=hit cold_stream=no silence_ms=0
[17:53:09.048] [VOICE_POLICY] tv#161(f16) on your left: dist=335cm raw_vel=-111.3cm/s eff_vel=0.0cm/s ttc=n/a score=0.0 tier=NONE reason=beyond_voice_distance user=still ego=BAD
[17:53:09.274] [VOICE_POLICY] tv#161(f16) on your left: dist=511cm raw_vel=135.9cm/s eff_vel=0.0cm/s ttc=n/a score=0.0 tier=NONE reason=beyond_voice_distance user=still ego=BAD
[17:53:10.078] [VOICE] URGENT: "Watch out, person on your right, 0.8 meters"
[17:53:10.078] [VOICE_POLICY] person#163(f3) on your right: dist=79cm raw_vel=0.0cm/s eff_vel=0.0cm/s ttc=n/a score=35.5 tier=WARNING reason=side_pass_warning user=still ego=BAD
[17:53:10.082] [VOICE_POLICY] person#163(f3) ahead: dist=79cm raw_vel=0.0cm/s eff_vel=0.0cm/s ttc=n/a score=35.5 tier=NONE reason=static_stationary_suppression user=still ego=BAD
[17:53:11.243] [VOICE_POLICY] person#165(f3) on your left: dist=180cm raw_vel=-45.6cm/s eff_vel=0.0cm/s ttc=n/a score=6.0 tier=NONE reason=static_stationary_suppression user=still ego=BAD
[17:53:11.249] [VOICE_POLICY] person#165(f3) on your left: dist=171cm raw_vel=-51.7cm/s eff_vel=0.0cm/s ttc=n/a score=6.4 tier=NONE reason=static_stationary_suppression user=still ego=BAD
[17:53:11.814] [VOICE_POLICY] person#165(f5) on your left: dist=391cm raw_vel=0.0cm/s eff_vel=0.0cm/s ttc=n/a score=0.0 tier=NONE reason=beyond_voice_distance user=still ego=BAD
[17:53:12.087] [VOICE_POLICY] chair#166(f4) on your left: dist=269cm raw_vel=-225.7cm/s eff_vel=0.0cm/s ttc=n/a score=0.8 tier=NONE reason=static_stationary_suppression user=still ego=BAD
[17:53:12.349] [VOICE_POLICY] chair#166(f4) on your left: dist=184cm raw_vel=-375.5cm/s eff_vel=0.0cm/s ttc=n/a score=3.1 tier=NONE reason=static_stationary_suppression user=still ego=BAD
[17:53:13.852] [LATENCY] label=URGENT text="Watch out, person on your right, 0.8 met" event_created=1779472390.078 enqueued=0.000s tts_start=0.001s play_start=0.031s play_end=3.774s queue_wait=0.001s synth=0.030s launch_wait=0.000s mode=clip_alert cache=hit cold_stream=no silence_ms=0
[17:53:15.914] [VOICE_POLICY] chair#170(f3) on your left: dist=330cm raw_vel=-71.4cm/s eff_vel=0.0cm/s ttc=n/a score=0.0 tier=NONE reason=beyond_voice_distance user=still ego=BAD
[17:53:25.219] [VOICE] URGENT: "obstacle on your left, 0.8 meters"
[17:53:25.219] [TTC]  chair#175(f3) on your left: dist=73cm vel=-216.0cm/s TTC=0.3s tier=URGENT ego=OK
[17:53:26.155] [VOICE] Dropped CLEAR (busy_audio_channel): "path clear"
[17:53:28.886] [LATENCY] label=URGENT text="obstacle on your left, 0.8 meters" event_created=1779472405.219 enqueued=0.000s tts_start=0.001s play_start=0.034s play_end=3.667s queue_wait=0.001s synth=0.033s launch_wait=0.000s mode=clip_alert cache=hit cold_stream=yes silence_ms=220
[17:53:28.890] [VOICE] URGENT: "obstacle on your right, 1.1 meters"
[17:53:28.891] [TTC]  laptop#178(f3) on your right: dist=105cm vel=-100.9cm/s TTC=1.0s tier=URGENT ego=OK
[17:53:28.898] [TTC]  laptop#178(f3) on your right: dist=106cm vel=-159.6cm/s TTC=0.7s tier=URGENT ego=OK
[17:53:30.892] [VOICE_POLICY] laptop#184(f3) ahead: dist=108cm raw_vel=-0.1cm/s eff_vel=0.0cm/s ttc=n/a score=14.0 tier=NONE reason=static_stationary_suppression user=still ego=OK
[17:53:31.565] [VOICE_POLICY] laptop#184(f5) ahead: dist=94cm raw_vel=-9.5cm/s eff_vel=-9.5cm/s ttc=9.9s score=113.8 tier=NONE reason=no_actionable_distance_or_ttc user=still ego=OK
[17:53:31.565] [TTC]  laptop#184(f5) ahead: dist=94cm vel=-9.5cm/s TTC=9.9s tier=NONE ego=OK
[17:53:31.790] [TTC]  laptop#184(f5) ahead: dist=87cm vel=-25.2cm/s TTC=3.5s tier=WARN ego=OK
[17:53:31.794] [TTC]  laptop#184(f5) ahead: dist=72cm vel=-50.4cm/s TTC=1.4s tier=URGENT ego=OK
[17:53:31.991] [TTC]  laptop#184(f5) ahead: dist=70cm vel=-68.1cm/s TTC=1.0s tier=URGENT ego=OK
[17:53:31.995] [TTC]  laptop#184(f5) ahead: dist=71cm vel=-57.8cm/s TTC=1.2s tier=URGENT ego=OK
[17:53:32.191] [LATENCY] label=URGENT text="obstacle on your right, 1.1 meters" event_created=1779472408.890 enqueued=0.000s tts_start=0.002s play_start=0.032s play_end=3.301s queue_wait=0.002s synth=0.030s launch_wait=0.000s mode=clip_alert cache=hit cold_stream=no silence_ms=0
[17:53:32.192] [VOICE] URGENT: "obstacle ahead, 0.8 meters"
[17:53:32.197] [TTC]  laptop#184(f5) ahead: dist=72cm vel=-37.6cm/s TTC=1.9s tier=URGENT ego=OK
[17:53:32.202] [TTC]  laptop#184(f5) ahead: dist=79cm vel=-21.7cm/s TTC=3.6s tier=WARN ego=OK
[17:53:32.526] [VOICE_POLICY] laptop#184(f5) ahead: dist=81cm raw_vel=-2.8cm/s eff_vel=0.0cm/s ttc=n/a score=23.0 tier=NONE reason=static_stationary_suppression user=still ego=BAD
[17:53:35.127] [VOICE_POLICY] laptop#189(f3) on your left: dist=108cm raw_vel=0.0cm/s eff_vel=0.0cm/s ttc=n/a score=14.0 tier=NONE reason=static_stationary_suppression user=still ego=OK
[17:53:35.134] [VOICE_POLICY] person#187(f3) on your left: dist=160cm raw_vel=196.0cm/s eff_vel=196.0cm/s ttc=n/a score=1.4 tier=NONE reason=static_stationary_suppression user=still ego=OK
[17:53:35.236] [LATENCY] label=URGENT text="obstacle ahead, 0.8 meters" event_created=1779472411.995 enqueued=0.000s tts_start=0.198s play_start=0.200s play_end=3.241s queue_wait=0.198s synth=0.002s launch_wait=0.000s mode=clip_alert cache=hit cold_stream=no silence_ms=0
[17:53:35.236] [VOICE] WARN: "Watch out, obstacle ahead, 0.8 meters"
[17:53:35.534] [VOICE_POLICY] laptop#189(f4) on your left: dist=114cm raw_vel=-12.6cm/s eff_vel=-12.6cm/s ttc=9.0s score=138.4 tier=NONE reason=no_actionable_distance_or_ttc user=still ego=OK
[17:53:35.535] [TTC]  laptop#189(f4) on your left: dist=114cm vel=-12.6cm/s TTC=9.0s tier=NONE ego=OK
[17:53:35.761] [VOICE] Dropped AWARE (busy_audio_channel): "obstacle on your left, 1.1 meters"
[17:53:35.761] [TTC]  laptop#189(f4) on your left: dist=107cm vel=-17.1cm/s TTC=6.3s tier=AWARE ego=OK
[17:53:35.769] [TTC]  laptop#189(f4) on your left: dist=109cm vel=-48.2cm/s TTC=2.3s tier=WARN ego=OK
[17:53:35.962] [TTC]  laptop#189(f4) on your left: dist=108cm vel=-28.0cm/s TTC=3.9s tier=WARN ego=OK
[17:53:35.970] [VOICE] Dropped AWARE (busy_audio_channel): "obstacle on your left, 1.1 meters"
[17:53:35.970] [TTC]  laptop#189(f4) on your left: dist=104cm vel=-23.0cm/s TTC=4.5s tier=AWARE ego=OK
[17:53:36.161] [VOICE_POLICY] person#187(f4) on your left: dist=75cm raw_vel=-101.4cm/s eff_vel=-101.4cm/s ttc=0.7s score=600.0 tier=WARNING reason=side_pass_warning user=still ego=OK
[17:53:36.162] [TTC]  person#187(f4) on your left: dist=75cm vel=-101.4cm/s TTC=0.7s tier=URGENT ego=OK
[17:53:36.169] [TTC]  person#187(f4) on your left: dist=75cm vel=-194.0cm/s TTC=0.4s tier=URGENT ego=OK
[17:53:36.361] [TTC]  person#187(f4) on your left: dist=76cm vel=-237.3cm/s TTC=0.3s tier=URGENT ego=OK
[17:53:36.768] [VOICE_POLICY] chair#191(f4) on your left: dist=75cm raw_vel=4.6cm/s eff_vel=4.6cm/s ttc=n/a score=20.0 tier=NONE reason=static_stationary_suppression user=still ego=OK
[17:53:37.671] [VOICE_POLICY] person#193(f3) on your left: dist=177cm raw_vel=32.5cm/s eff_vel=32.5cm/s ttc=n/a score=1.4 tier=NONE reason=static_stationary_suppression user=still ego=OK
[17:53:37.695] [VOICE_POLICY] person#190(f9) on your left: dist=232cm raw_vel=-2.5cm/s eff_vel=0.0cm/s ttc=n/a score=3.4 tier=NONE reason=static_stationary_suppression user=still ego=OK
[17:53:38.137] [TTC]  person#193(f5) on your left: dist=23cm vel=-119.2cm/s TTC=0.2s tier=URGENT ego=BAD
[17:53:38.334] [TTC]  person#193(f5) on your left: dist=23cm vel=-257.1cm/s TTC=0.1s tier=URGENT ego=OK
[17:53:38.534] [VOICE_POLICY] person#193(f5) on your left: dist=217cm raw_vel=0.0cm/s eff_vel=0.0cm/s ttc=n/a score=4.6 tier=NONE reason=static_stationary_suppression user=still ego=OK
[17:53:38.937] [VOICE_POLICY] person#194(f4) on your left: dist=165cm raw_vel=-3.8cm/s eff_vel=0.0cm/s ttc=n/a score=7.4 tier=NONE reason=static_stationary_suppression user=still ego=OK
[17:53:39.304] [VOICE_POLICY] person#194(f5) on your left: dist=105cm raw_vel=-39.8cm/s eff_vel=-39.8cm/s ttc=2.6s score=600.0 tier=WARNING reason=side_pass_warning user=still ego=OK
[17:53:39.304] [TTC]  person#194(f5) on your left: dist=105cm vel=-39.8cm/s TTC=2.6s tier=WARN ego=OK
[17:53:39.326] [LATENCY] label=WARN text="Watch out, obstacle ahead, 0.8 meters" event_created=1779472412.202 enqueued=0.000s tts_start=3.035s play_start=3.196s play_end=7.124s queue_wait=3.035s synth=0.161s launch_wait=0.000s mode=clip_alert cache=hit cold_stream=no silence_ms=0
[17:53:39.327] [VOICE] URGENT: "Watch out, person on your left, 1.1 meters"
[17:53:39.631] [VOICE] Dropped AWARE (busy_audio_channel): "person on your left, 1.7 meters"
[17:53:39.631] [TTC]  person#194(f5) on your left: dist=165cm vel=-36.8cm/s TTC=4.5s tier=AWARE ego=OK
[17:53:39.637] [TTC]  person#194(f5) on your left: dist=105cm vel=-56.4cm/s TTC=1.9s tier=URGENT ego=OK
[17:53:39.828] [TTC]  person#194(f5) on your left: dist=105cm vel=-59.9cm/s TTC=1.8s tier=URGENT ego=OK
[17:53:39.832] [VOICE_POLICY] person#194(f5) on your left: dist=86cm raw_vel=-46.1cm/s eff_vel=-46.1cm/s ttc=1.9s score=600.0 tier=WARNING reason=side_pass_warning user=still ego=OK
[17:53:39.832] [TTC]  person#194(f5) on your left: dist=86cm vel=-46.1cm/s TTC=1.9s tier=URGENT ego=OK
[17:53:40.030] [TTC]  person#194(f5) on your left: dist=85cm vel=-100.9cm/s TTC=0.8s tier=URGENT ego=OK
[17:53:40.400] [VOICE_POLICY] person#198(f3) ahead: dist=178cm raw_vel=-3.6cm/s eff_vel=0.0cm/s ttc=n/a score=6.1 tier=NONE reason=static_stationary_suppression user=still ego=OK
[17:53:40.405] [TTC]  person#198(f3) ahead: dist=186cm vel=-56.6cm/s TTC=3.3s tier=WARN ego=OK
[17:53:40.605] [VOICE] Dropped AWARE (busy_audio_channel): "person on your left, 1.7 meters"
[17:53:40.605] [TTC]  person#198(f4) on your left: dist=177cm vel=-39.5cm/s TTC=4.5s tier=AWARE ego=OK
[17:53:41.003] [VOICE_POLICY] person#198(f5) on your left: dist=165cm raw_vel=-19.8cm/s eff_vel=-19.8cm/s ttc=8.3s score=304.0 tier=NONE reason=no_actionable_distance_or_ttc user=still ego=OK
[17:53:41.003] [TTC]  person#198(f5) on your left: dist=165cm vel=-19.8cm/s TTC=8.3s tier=NONE ego=OK
[17:53:41.771] [VOICE_POLICY] person#198(f9) on your left: dist=185cm raw_vel=4.7cm/s eff_vel=0.0cm/s ttc=n/a score=5.8 tier=NONE reason=static_stationary_suppression user=still ego=OK
[17:53:42.735] [LATENCY] label=URGENT text="Watch out, person on your left, 1.1 mete" event_created=1779472419.304 enqueued=0.000s tts_start=0.025s play_start=0.034s play_end=3.431s queue_wait=0.025s synth=0.010s launch_wait=0.000s mode=clip_alert cache=hit cold_stream=no silence_ms=0
[17:53:42.735] [VOICE] URGENT: "Watch out, person on your left, 0.8 meters"
[17:53:43.033] [TTC]  person#198(f11) on your left: dist=175cm vel=-71.5cm/s TTC=2.4s tier=WARN ego=OK
[17:53:43.062] [TTC]  person#198(f11) on your left: dist=175cm vel=-96.8cm/s TTC=1.8s tier=URGENT ego=OK
[17:53:43.963] [VOICE] Dropped AWARE (busy_audio_channel): "person ahead, 2.0 meters"
[17:53:43.963] [TTC]  person#212(f3) ahead: dist=195cm vel=-35.3cm/s TTC=5.5s tier=AWARE ego=OK
[17:53:44.200] [TTC]  person#212(f4) ahead: dist=195cm vel=-49.9cm/s TTC=3.9s tier=WARN ego=OK
[17:53:44.232] [TTC]  person#212(f4) ahead: dist=197cm vel=-50.2cm/s TTC=3.9s tier=WARN ego=OK
[17:53:44.470] [VOICE] Dropped AWARE (busy_audio_channel): "person ahead, 2.0 meters"
[17:53:44.470] [TTC]  person#212(f5) ahead: dist=185cm vel=-25.1cm/s TTC=7.4s tier=AWARE ego=OK
[17:53:45.101] [VOICE_POLICY] laptop#214(f3) ahead: dist=114cm raw_vel=0.0cm/s eff_vel=0.0cm/s ttc=n/a score=12.0 tier=NONE reason=static_stationary_suppression user=still ego=OK
[17:53:45.107] [VOICE] Dropped AWARE (busy_audio_channel): "person ahead, 2.0 meters"
[17:53:45.107] [TTC]  person#215(f3) ahead: dist=183cm vel=-30.3cm/s TTC=6.0s tier=AWARE ego=OK
[17:53:45.335] [TTC]  person#212(f5) ahead: dist=105cm vel=-105.8cm/s TTC=1.0s tier=URGENT ego=OK
[17:53:45.342] [TTC]  person#212(f5) ahead: dist=105cm vel=-183.5cm/s TTC=0.6s tier=URGENT ego=OK
[17:53:45.569] [TTC]  laptop#214(f3) ahead: dist=93cm vel=-30.6cm/s TTC=3.0s tier=WARN ego=OK
[17:53:45.577] [TTC]  person#215(f5) ahead: dist=75cm vel=-82.6cm/s TTC=0.9s tier=URGENT ego=OK
[17:53:45.801] [VOICE] Dropped AWARE (busy_audio_channel): "person ahead, 1.7 meters"
[17:53:45.801] [TTC]  person#215(f6) ahead: dist=179cm vel=-33.6cm/s TTC=5.3s tier=AWARE ego=OK
[17:53:45.809] [TTC]  person#215(f6) ahead: dist=75cm vel=-88.5cm/s TTC=0.8s tier=URGENT ego=OK
[17:53:46.067] [TTC]  person#215(f6) ahead: dist=75cm vel=-117.4cm/s TTC=0.6s tier=URGENT ego=OK
[17:53:46.076] [TTC]  person#215(f6) ahead: dist=75cm vel=-52.8cm/s TTC=1.4s tier=URGENT ego=OK
[17:53:46.303] [TTC]  person#215(f6) ahead: dist=75cm vel=-97.0cm/s TTC=0.8s tier=URGENT ego=OK
[17:53:46.311] [TTC]  person#215(f6) ahead: dist=75cm vel=-42.6cm/s TTC=1.8s tier=URGENT ego=OK
[17:53:46.571] [VOICE] Dropped AWARE (busy_audio_channel): "person ahead, 0.8 meters"
[17:53:46.571] [TTC]  person#215(f6) ahead: dist=75cm vel=-15.5cm/s TTC=4.8s tier=AWARE ego=OK
[17:53:46.575] [VOICE_POLICY] person#215(f6) ahead: dist=75cm raw_vel=-1.9cm/s eff_vel=0.0cm/s ttc=n/a score=37.5 tier=NONE reason=static_stationary_suppression user=still ego=OK
[17:53:46.712] [LATENCY] label=URGENT text="Watch out, person on your left, 0.8 mete" event_created=1779472420.030 enqueued=0.000s tts_start=2.707s play_start=2.708s play_end=6.682s queue_wait=2.707s synth=0.002s launch_wait=0.000s mode=clip_alert cache=hit cold_stream=no silence_ms=0
[17:53:46.760] [VOICE] URGENT: "person ahead approaching, 0.8 meters"
[17:53:47.342] [VOICE_POLICY] laptop#218(f3) on your right: dist=92cm raw_vel=2.0cm/s eff_vel=0.0cm/s ttc=n/a score=19.3 tier=NONE reason=static_stationary_suppression user=still ego=OK
[17:53:48.571] [VOICE_POLICY] person#222(f3) on your left: dist=174cm raw_vel=-15.8cm/s eff_vel=-15.8cm/s ttc=11.0s score=266.8 tier=NONE reason=no_actionable_distance_or_ttc user=still ego=OK
[17:53:48.571] [TTC]  person#222(f3) on your left: dist=174cm vel=-15.8cm/s TTC=11.0s tier=NONE ego=OK
[17:53:48.579] [VOICE] Dropped AWARE (busy_audio_channel): "person on your left, 1.7 meters"
[17:53:48.579] [TTC]  person#222(f3) on your left: dist=171cm vel=-26.0cm/s TTC=6.6s tier=AWARE ego=OK
[17:53:48.803] [VOICE_POLICY] laptop#221(f4) on your left: dist=110cm raw_vel=-2.1cm/s eff_vel=0.0cm/s ttc=n/a score=13.3 tier=NONE reason=static_stationary_suppression user=still ego=OK
[17:53:49.237] [VOICE_POLICY] person#222(f5) on your left: dist=75cm raw_vel=-72.9cm/s eff_vel=-72.9cm/s ttc=1.0s score=600.0 tier=WARNING reason=side_pass_warning user=still ego=OK
[17:53:49.237] [TTC]  person#222(f5) on your left: dist=75cm vel=-72.9cm/s TTC=1.0s tier=URGENT ego=OK
[17:53:49.273] [VOICE] Dropped AWARE (busy_audio_channel): "person on your left, 1.7 meters"
[17:53:49.273] [TTC]  person#222(f5) on your left: dist=174cm vel=-31.6cm/s TTC=5.5s tier=AWARE ego=OK
[17:53:49.907] [LATENCY] label=URGENT text="person ahead approaching, 0.8 meters" event_created=1779472426.312 enqueued=0.000s tts_start=0.469s play_start=0.528s play_end=3.595s queue_wait=0.469s synth=0.059s launch_wait=0.000s mode=clip_alert cache=hit cold_stream=no silence_ms=0
[17:53:49.908] [VOICE] URGENT: "Watch out, person on your left, 0.8 meters"
[17:53:50.236] [TTC]  person#228(f3) on your left: dist=161cm vel=-59.4cm/s TTC=2.7s tier=WARN ego=OK
[17:53:50.243] [TTC]  person#228(f3) on your left: dist=155cm vel=-60.7cm/s TTC=2.6s tier=WARN ego=OK
[17:53:50.441] [VOICE] Dropped AWARE (busy_audio_channel): "person on your left, 1.7 meters"
[17:53:50.441] [TTC]  person#228(f4) on your left: dist=157cm vel=-28.7cm/s TTC=5.5s tier=AWARE ego=OK
[17:53:50.467] [VOICE] Dropped AWARE (busy_audio_channel): "person on your left, 1.7 meters"
[17:53:50.468] [VOICE_POLICY] person#228(f4) on your left: dist=150cm raw_vel=-21.7cm/s eff_vel=-21.7cm/s ttc=6.9s score=332.5 tier=AWARENESS reason=side_pass_awareness user=still ego=OK
[17:53:50.468] [TTC]  person#228(f4) on your left: dist=150cm vel=-21.7cm/s TTC=6.9s tier=AWARE ego=OK
[17:53:50.704] [VOICE] Dropped AWARE (busy_audio_channel): "obstacle on your left, 0.8 meters"
[17:53:50.704] [TTC]  laptop#229(f4) on your left: dist=87cm vel=-18.1cm/s TTC=4.8s tier=AWARE ego=OK
[17:53:51.239] [VOICE_POLICY] person#228(f8) on your left: dist=181cm raw_vel=70.9cm/s eff_vel=70.9cm/s ttc=n/a score=1.2 tier=NONE reason=static_stationary_suppression user=still ego=OK
[17:53:51.443] [VOICE_POLICY] person#228(f8) on your left: dist=210cm raw_vel=23.9cm/s eff_vel=23.9cm/s ttc=n/a score=0.9 tier=NONE reason=static_stationary_suppression user=still ego=OK
[17:53:51.806] [VOICE_POLICY] laptop#229(f5) on your left: dist=212cm raw_vel=-4.5cm/s eff_vel=0.0cm/s ttc=n/a score=2.9 tier=NONE reason=static_stationary_suppression user=still ego=OK
[17:53:53.742] [VOICE_POLICY] laptop#231(f3) on your left: dist=94cm raw_vel=0.0cm/s eff_vel=0.0cm/s ttc=n/a score=18.7 tier=NONE reason=static_stationary_suppression user=still ego=OK
[17:53:53.913] [LATENCY] label=URGENT text="Watch out, person on your left, 0.8 mete" event_created=1779472429.237 enqueued=0.000s tts_start=0.676s play_start=0.704s play_end=4.676s queue_wait=0.676s synth=0.029s launch_wait=0.000s mode=clip_alert cache=hit cold_stream=no silence_ms=0
[17:53:53.914] [VOICE] WARN: "Watch out, person on your left, 1.7 meters"
[17:53:54.278] [VOICE_POLICY] person#232(f3) on your left: dist=166cm raw_vel=0.0cm/s eff_vel=0.0cm/s ttc=n/a score=7.4 tier=NONE reason=static_stationary_suppression user=still ego=OK
[17:53:55.618] [TTC]  laptop#231(f8) on your left: dist=92cm vel=-24.8cm/s TTC=3.7s tier=WARN ego=OK
[17:53:55.809] [TTC]  laptop#231(f9) on your left: dist=92cm vel=-53.8cm/s TTC=1.7s tier=URGENT ego=OK
[17:53:55.814] [TTC]  laptop#231(f9) on your left: dist=84cm vel=-44.3cm/s TTC=1.9s tier=URGENT ego=OK
[17:53:56.040] [TTC]  laptop#231(f9) on your left: dist=85cm vel=-40.0cm/s TTC=2.1s tier=WARN ego=OK
[17:53:56.044] [VOICE] Dropped AWARE (busy_audio_channel): "obstacle on your left, 0.8 meters"
[17:53:56.045] [TTC]  laptop#231(f9) on your left: dist=86cm vel=-20.0cm/s TTC=4.3s tier=AWARE ego=OK
[17:53:56.244] [VOICE_POLICY] laptop#231(f10) on your left: dist=89cm raw_vel=-10.0cm/s eff_vel=-10.0cm/s ttc=8.9s score=120.4 tier=NONE reason=no_actionable_distance_or_ttc user=still ego=OK
[17:53:56.244] [TTC]  laptop#231(f10) on your left: dist=89cm vel=-10.0cm/s TTC=8.9s tier=NONE ego=OK
[17:53:56.249] [TTC]  person#232(f13) on your left: dist=165cm vel=-58.0cm/s TTC=2.8s tier=WARN ego=OK
[17:53:56.442] [VOICE] Dropped AWARE (busy_audio_channel): "person on your left, 1.7 meters"
[17:53:56.443] [TTC]  person#232(f14) on your left: dist=153cm vel=-29.0cm/s TTC=5.3s tier=AWARE ego=OK
[17:53:56.446] [VOICE_POLICY] laptop#231(f11) on your left: dist=86cm raw_vel=-3.4cm/s eff_vel=0.0cm/s ttc=n/a score=21.3 tier=NONE reason=static_stationary_suppression user=still ego=OK
[17:53:56.648] [VOICE_POLICY] laptop#231(f11) on your left: dist=90cm raw_vel=-5.9cm/s eff_vel=0.0cm/s ttc=n/a score=20.0 tier=NONE reason=static_stationary_suppression user=still ego=OK
[17:53:56.848] [VOICE_POLICY] laptop#231(f11) on your left: dist=93cm raw_vel=-10.2cm/s eff_vel=-10.2cm/s ttc=9.1s score=121.4 tier=NONE reason=no_actionable_distance_or_ttc user=still ego=OK
[17:53:56.848] [TTC]  laptop#231(f11) on your left: dist=93cm vel=-10.2cm/s TTC=9.1s tier=NONE ego=OK
[17:53:57.043] [VOICE] Dropped AWARE (busy_audio_channel): "obstacle on your left, 1.1 meters"
[17:53:57.044] [TTC]  laptop#231(f11) on your left: dist=92cm vel=-11.8cm/s TTC=7.8s tier=AWARE ego=OK
[17:53:57.047] [TTC]  laptop#231(f11) on your left: dist=90cm vel=-10.7cm/s TTC=8.4s tier=NONE ego=OK
[17:53:57.245] [TTC]  laptop#231(f11) on your left: dist=90cm vel=-10.1cm/s TTC=8.9s tier=NONE ego=OK
[17:53:57.249] [VOICE] Dropped AWARE (busy_audio_channel): "obstacle on your left, 0.8 meters"
[17:53:57.249] [TTC]  laptop#231(f11) on your left: dist=83cm vel=-20.1cm/s TTC=4.1s tier=AWARE ego=OK
[17:53:57.446] [VOICE] Dropped AWARE (busy_audio_channel): "obstacle on your left, 0.8 meters"
[17:53:57.446] [TTC]  laptop#231(f11) on your left: dist=85cm vel=-14.8cm/s TTC=5.7s tier=AWARE ego=OK
[17:53:57.446] [VOICE] Dropped CLEAR (busy_audio_channel): "path clear"
[17:53:58.013] [LATENCY] label=WARN text="Watch out, person on your left, 1.7 mete" event_created=1779472430.244 enqueued=0.000s tts_start=3.671s play_start=3.696s play_end=7.769s queue_wait=3.671s synth=0.026s launch_wait=0.000s mode=clip_alert cache=hit cold_stream=no silence_ms=0
[17:53:58.013] [VOICE] URGENT: "obstacle on your left, 0.8 meters"
[17:53:59.045] [VOICE_POLICY] laptop#235(f3) on your left: dist=92cm raw_vel=-5.3cm/s eff_vel=0.0cm/s ttc=n/a score=19.3 tier=NONE reason=static_stationary_suppression user=still ego=OK
[17:53:59.052] [VOICE_POLICY] laptop#235(f3) on your left: dist=91cm raw_vel=-7.8cm/s eff_vel=-7.8cm/s ttc=11.7s score=97.4 tier=NONE reason=no_actionable_distance_or_ttc user=still ego=OK
[17:53:59.052] [TTC]  laptop#235(f3) on your left: dist=91cm vel=-7.8cm/s TTC=11.7s tier=NONE ego=OK
[17:53:59.246] [TTC]  laptop#235(f4) on your left: dist=93cm vel=-9.0cm/s TTC=10.3s tier=NONE ego=OK
[17:53:59.252] [TTC]  laptop#235(f4) on your left: dist=92cm vel=-11.3cm/s TTC=8.1s tier=NONE ego=OK
[17:53:59.479] [VOICE] Dropped AWARE (busy_audio_channel): "person on your left, 1.7 meters"
[17:53:59.479] [TTC]  person#233(f6) on your left: dist=162cm vel=-33.9cm/s TTC=4.8s tier=AWARE ego=OK
[17:53:59.483] [TTC]  person#233(f6) on your left: dist=170cm vel=-58.2cm/s TTC=2.9s tier=WARN ego=OK
[17:53:59.678] [TTC]  person#233(f7) on your left: dist=155cm vel=-69.9cm/s TTC=2.2s tier=WARN ego=OK
[17:53:59.683] [TTC]  person#233(f7) on your left: dist=153cm vel=-83.0cm/s TTC=1.8s tier=URGENT ego=OK
[17:53:59.914] [TTC]  person#233(f8) on your left: dist=159cm vel=-48.5cm/s TTC=3.3s tier=WARN ego=OK
[17:53:59.918] [TTC]  person#233(f8) on your left: dist=151cm vel=-46.6cm/s TTC=3.2s tier=WARN ego=OK
[17:54:00.116] [TTC]  laptop#235(f5) on your left: dist=92cm vel=-67.3cm/s TTC=1.4s tier=URGENT ego=OK
[17:54:00.120] [TTC]  laptop#235(f5) on your left: dist=89cm vel=-51.3cm/s TTC=1.7s tier=URGENT ego=OK
[17:54:00.315] [TTC]  laptop#235(f6) on your left: dist=91cm vel=-34.3cm/s TTC=2.7s tier=WARN ego=OK
[17:54:00.319] [VOICE] Dropped AWARE (busy_audio_channel): "obstacle on your left, 1.1 meters"
[17:54:00.319] [TTC]  laptop#235(f6) on your left: dist=92cm vel=-17.1cm/s TTC=5.4s tier=AWARE ego=OK
[17:54:00.516] [TTC]  laptop#235(f7) on your left: dist=91cm vel=-8.6cm/s TTC=10.6s tier=NONE ego=OK
[17:54:01.043] [VOICE_POLICY] laptop#235(f8) on your left: dist=93cm raw_vel=-0.1cm/s eff_vel=0.0cm/s ttc=n/a score=19.0 tier=NONE reason=static_stationary_suppression user=still ego=OK
[17:54:01.047] [VOICE] Dropped AWARE (busy_audio_channel): "person on your left, 1.7 meters"
[17:54:01.047] [TTC]  person#233(f14) on your left: dist=154cm vel=-21.7cm/s TTC=7.1s tier=AWARE ego=OK
[17:54:01.248] [VOICE] Dropped AWARE (busy_audio_channel): "person on your left, 1.7 meters"
[17:54:01.248] [TTC]  person#233(f15) on your left: dist=153cm vel=-35.8cm/s TTC=4.3s tier=AWARE ego=OK
[17:54:01.252] [TTC]  person#233(f15) on your left: dist=152cm vel=-46.4cm/s TTC=3.3s tier=WARN ego=OK
[17:54:01.363] [LATENCY] label=URGENT text="obstacle on your left, 0.8 meters" event_created=1779472435.815 enqueued=0.000s tts_start=2.200s play_start=2.201s play_end=5.548s queue_wait=2.200s synth=0.002s launch_wait=0.000s mode=clip_alert cache=hit cold_stream=no silence_ms=0
[17:54:01.407] [VOICE] URGENT: "obstacle on your left, 0.8 meters"
[17:54:01.649] [VOICE] Dropped AWARE (busy_audio_channel): "person on your left, 1.7 meters"
[17:54:01.649] [TTC]  person#233(f15) on your left: dist=152cm vel=-23.2cm/s TTC=6.5s tier=AWARE ego=OK
[17:54:01.879] [VOICE_POLICY] person#233(f16) on your left: dist=154cm raw_vel=-5.8cm/s eff_vel=0.0cm/s ttc=n/a score=7.3 tier=NONE reason=static_stationary_suppression user=still ego=OK
[17:54:03.015] [VOICE_POLICY] laptop#236(f3) on your left: dist=91cm raw_vel=0.0cm/s eff_vel=0.0cm/s ttc=n/a score=19.7 tier=NONE reason=static_stationary_suppression user=still ego=OK
[17:54:04.554] [VOICE] Dropped AWARE (busy_audio_channel): "person on your left, 1.7 meters"
[17:54:04.554] [TTC]  person#233(f31) on your left: dist=152cm vel=-26.5cm/s TTC=5.7s tier=AWARE ego=OK
[17:54:04.785] [VOICE_POLICY] person#233(f32) on your left: dist=156cm raw_vel=-13.3cm/s eff_vel=-13.3cm/s ttc=11.8s score=226.7 tier=NONE reason=no_actionable_distance_or_ttc user=still ego=OK
[17:54:04.786] [TTC]  person#233(f32) on your left: dist=156cm vel=-13.3cm/s TTC=11.8s tier=NONE ego=OK
[17:54:04.792] [LATENCY] label=URGENT text="obstacle on your left, 0.8 meters" event_created=1779472440.120 enqueued=0.000s tts_start=1.342s play_start=1.366s play_end=4.667s queue_wait=1.342s synth=0.024s launch_wait=0.000s mode=clip_alert cache=hit cold_stream=no silence_ms=0
[17:54:04.800] [VOICE] WARN: "Watch out, person on your left, 1.7 meters"
[17:54:05.186] [VOICE_POLICY] laptop#236(f11) on your left: dist=92cm raw_vel=-0.3cm/s eff_vel=0.0cm/s ttc=n/a score=19.3 tier=NONE reason=static_stationary_suppression user=still ego=OK
[17:54:05.420] [VOICE_POLICY] person#233(f34) on your left: dist=200cm raw_vel=27.4cm/s eff_vel=27.4cm/s ttc=n/a score=1.1 tier=NONE reason=static_stationary_suppression user=still ego=OK
[17:54:05.819] [TTC]  laptop#236(f12) on your left: dist=105cm vel=-156.0cm/s TTC=0.7s tier=URGENT ego=OK
[17:54:06.016] [TTC]  laptop#236(f12) on your left: dist=105cm vel=-198.6cm/s TTC=0.5s tier=URGENT ego=OK
[17:54:06.022] [TTC]  laptop#236(f12) on your left: dist=105cm vel=-101.7cm/s TTC=1.0s tier=URGENT ego=OK
[17:54:06.216] [TTC]  laptop#236(f12) on your left: dist=105cm vel=-53.3cm/s TTC=2.0s tier=URGENT ego=OK
[17:54:06.220] [TTC]  laptop#236(f12) on your left: dist=105cm vel=-29.0cm/s TTC=3.6s tier=WARN ego=OK
[17:54:07.227] [VOICE_POLICY] laptop#238(f3) on your right: dist=76cm raw_vel=0.8cm/s eff_vel=0.0cm/s ttc=n/a score=24.7 tier=NONE reason=static_stationary_suppression user=still ego=OK
[17:54:08.288] [VOICE] Dropped AWARE (busy_audio_channel): "person on your left, 1.4 meters"
[17:54:08.288] [VOICE_POLICY] person#237(f4) on your left: dist=135cm raw_vel=-40.0cm/s eff_vel=-40.0cm/s ttc=3.4s score=600.0 tier=AWARENESS reason=side_pass_awareness user=still ego=OK
[17:54:08.288] [TTC]  person#237(f4) on your left: dist=135cm vel=-40.0cm/s TTC=3.4s tier=WARN ego=OK
[17:54:08.317] [VOICE] Dropped AWARE (busy_audio_channel): "person on your left, 1.4 meters"
[17:54:08.317] [TTC]  person#237(f4) on your left: dist=135cm vel=-34.2cm/s TTC=3.9s tier=WARN ego=OK
[17:54:08.930] [LATENCY] label=WARN text="Watch out, person on your left, 1.7 mete" event_created=1779472441.252 enqueued=0.000s tts_start=3.550s play_start=3.572s play_end=7.678s queue_wait=3.550s synth=0.022s launch_wait=0.000s mode=clip_alert cache=hit cold_stream=no silence_ms=0
[17:54:08.930] [VOICE] URGENT: "obstacle on your left, 1.1 meters"
[17:54:12.262] [LATENCY] label=URGENT text="obstacle on your left, 1.1 meters" event_created=1779472446.216 enqueued=0.000s tts_start=2.716s play_start=2.719s play_end=6.046s queue_wait=2.716s synth=0.001s launch_wait=0.002s mode=clip_alert cache=hit cold_stream=no silence_ms=0
[17:54:12.263] [VOICE] Expired (6.0s old, TTL=5.0s): "Watch out, obstacle on your left, 1.1 meters"
[17:54:14.858] [VOICE] AWARE: "person on your left, 1.4 meters"
[17:54:14.859] [VOICE_POLICY] person#242(f5) on your left: dist=146cm raw_vel=3.9cm/s eff_vel=0.0cm/s ttc=n/a score=2.2 tier=AWARENESS reason=side_pass_awareness user=still ego=OK
[17:54:17.629] [VOICE_POLICY] laptop#249(f3) ahead: dist=100cm raw_vel=-3.6cm/s eff_vel=0.0cm/s ttc=n/a score=16.7 tier=NONE reason=static_stationary_suppression user=still ego=OK
[17:54:17.634] [TTC]  chair#248(f9) on your left: dist=67cm vel=-82.8cm/s TTC=0.8s tier=URGENT ego=OK
[17:54:17.859] [TTC]  chair#248(f10) on your left: dist=67cm vel=-51.6cm/s TTC=1.3s tier=URGENT ego=OK
[17:54:17.865] [TTC]  chair#248(f10) on your left: dist=75cm vel=-17.9cm/s TTC=4.2s tier=AWARE ego=OK
[17:54:18.096] [TTC]  chair#248(f11) on your left: dist=67cm vel=-8.9cm/s TTC=7.5s tier=AWARE ego=OK
[17:54:18.120] [TTC]  chair#248(f11) on your left: dist=66cm vel=-6.9cm/s TTC=9.6s tier=NONE ego=OK
[17:54:18.297] [LATENCY] label=AWARE text="person on your left, 1.4 meters" event_created=1779472454.858 enqueued=0.000s tts_start=0.001s play_start=0.008s play_end=3.439s queue_wait=0.001s synth=0.007s launch_wait=0.000s mode=clip_alert cache=hit cold_stream=yes silence_ms=220
[17:54:18.298] [VOICE] WARN: "obstacle on your left, 0.8 meters"
[17:54:18.329] [TTC]  chair#248(f12) on your left: dist=66cm vel=-5.8cm/s TTC=11.3s tier=NONE ego=OK
[17:54:18.430] [TTC]  chair#248(f12) on your left: dist=67cm vel=-8.2cm/s TTC=8.2s tier=NONE ego=OK
[17:54:18.670] [TTC]  laptop#249(f5) ahead: dist=101cm vel=-14.0cm/s TTC=7.2s tier=AWARE ego=OK
[17:54:19.129] [TTC]  chair#248(f15) on your left: dist=66cm vel=-7.8cm/s TTC=8.4s tier=NONE ego=OK
[17:54:19.367] [TTC]  laptop#249(f5) ahead: dist=102cm vel=-30.3cm/s TTC=3.4s tier=WARN ego=OK
[17:54:19.592] [TTC]  laptop#249(f5) ahead: dist=102cm vel=-38.3cm/s TTC=2.7s tier=WARN ego=OK
[17:54:19.836] [VOICE_POLICY] chair#250(f4) on your right: dist=85cm raw_vel=0.3cm/s eff_vel=0.0cm/s ttc=n/a score=17.3 tier=NONE reason=static_stationary_suppression user=still ego=OK
[17:54:20.431] [VOICE_POLICY] laptop#251(f3) on your left: dist=100cm raw_vel=0.0cm/s eff_vel=0.0cm/s ttc=n/a score=16.7 tier=NONE reason=static_stationary_suppression user=still ego=OK
[17:54:20.698] [TTC]  chair#250(f4) on your right: dist=84cm vel=-17.2cm/s TTC=4.9s tier=AWARE ego=OK
[17:54:20.932] [VOICE_POLICY] person#246(f27) on your left: dist=138cm raw_vel=0.0cm/s eff_vel=0.0cm/s ttc=n/a score=6.6 tier=AWARENESS reason=side_pass_awareness user=still ego=OK
[17:54:21.669] [LATENCY] label=WARN text="obstacle on your left, 0.8 meters" event_created=1779472458.103 enqueued=0.000s tts_start=0.196s play_start=0.197s play_end=3.566s queue_wait=0.196s synth=0.002s launch_wait=0.000s mode=clip_alert cache=hit cold_stream=no silence_ms=0
[17:54:21.670] [VOICE] WARN: "Watch out, obstacle ahead, 1.1 meters"
[17:54:21.994] [VOICE_POLICY] laptop#252(f3) on your left: dist=94cm raw_vel=0.0cm/s eff_vel=0.0cm/s ttc=n/a score=18.7 tier=NONE reason=static_stationary_suppression user=still ego=OK
[17:54:23.928] [VOICE_POLICY] laptop#252(f13) on your left: dist=96cm raw_vel=-4.2cm/s eff_vel=0.0cm/s ttc=n/a score=18.0 tier=NONE reason=static_stationary_suppression user=still ego=OK
[17:54:24.902] [LATENCY] label=WARN text="Watch out, obstacle ahead, 1.1 meters" event_created=1779472459.592 enqueued=0.000s tts_start=2.085s play_start=2.207s play_end=5.309s queue_wait=2.085s synth=0.123s launch_wait=0.000s mode=clip_alert cache=hit cold_stream=no silence_ms=0
[17:54:25.996] [VOICE_POLICY] laptop#252(f20) on your left: dist=101cm raw_vel=-0.1cm/s eff_vel=0.0cm/s ttc=n/a score=16.3 tier=NONE reason=static_stationary_suppression user=still ego=OK
[17:54:26.498] [VOICE] AWARE: "obstacle on your left, 1.1 meters"
[17:54:26.499] [TTC]  laptop#252(f21) on your left: dist=94cm vel=-14.8cm/s TTC=6.4s tier=AWARE ego=OK
[17:54:26.505] [TTC]  laptop#252(f21) on your left: dist=86cm vel=-28.0cm/s TTC=3.1s tier=WARN ego=OK
[17:54:26.529] [LATENCY] label=AWARE text="obstacle on your left, 1.1 meters" event_created=1779472466.499 enqueued=0.000s tts_start=0.001s play_start=0.000s play_end=0.000s queue_wait=0.001s synth=0.009s launch_wait=0.000s mode=clip_alert cache=hit cold_stream=yes silence_ms=220
[17:54:26.530] [VOICE] Skipped before playback due to higher-priority pending: "obstacle on your left, 1.1 meters"
[17:54:26.531] [VOICE] WARN: "Watch out, obstacle on your left, 0.8 meters"
[17:54:26.869] [TTC]  laptop#252(f22) on your left: dist=92cm vel=-23.6cm/s TTC=3.9s tier=WARN ego=OK
[17:54:26.874] [TTC]  laptop#252(f22) on your left: dist=88cm vel=-17.1cm/s TTC=5.2s tier=AWARE ego=OK
[17:54:27.101] [TTC]  laptop#252(f22) on your left: dist=85cm vel=-12.9cm/s TTC=6.6s tier=AWARE ego=OK
[17:54:27.105] [TTC]  laptop#252(f22) on your left: dist=76cm vel=-17.1cm/s TTC=4.5s tier=AWARE ego=OK
[17:54:27.303] [TTC]  laptop#252(f22) on your left: dist=76cm vel=-28.2cm/s TTC=2.7s tier=WARN ego=BAD
[17:54:27.309] [TTC]  laptop#252(f22) on your left: dist=78cm vel=-27.6cm/s TTC=2.8s tier=WARN ego=BAD
[17:54:27.542] [TTC]  laptop#252(f22) on your left: dist=79cm vel=-13.8cm/s TTC=5.7s tier=AWARE ego=BAD
[17:54:29.769] [VOICE_POLICY] mouse#258(f3) on your left: dist=84cm raw_vel=36.2cm/s eff_vel=36.2cm/s ttc=n/a score=4.8 tier=NONE reason=static_stationary_suppression user=still ego=OK
[17:54:30.266] [LATENCY] label=WARN text="Watch out, obstacle on your left, 0.8 me" event_created=1779472466.506 enqueued=0.000s tts_start=0.028s play_start=0.110s play_end=3.761s queue_wait=0.028s synth=0.082s launch_wait=0.000s mode=clip_alert cache=hit cold_stream=yes silence_ms=220
[17:54:30.266] [VOICE] WARN: "obstacle on your left, 0.8 meters"
[17:54:30.441] [TTC]  laptop#261(f3) on your left: dist=105cm vel=-33.2cm/s TTC=3.2s tier=WARN ego=OK
[17:54:30.634] [TTC]  laptop#261(f4) on your left: dist=114cm vel=-16.6cm/s TTC=6.9s tier=AWARE ego=OK
[17:54:30.643] [TTC]  laptop#261(f4) on your left: dist=102cm vel=-40.5cm/s TTC=2.5s tier=WARN ego=OK
[17:54:30.835] [TTC]  laptop#261(f5) on your left: dist=104cm vel=-26.5cm/s TTC=3.9s tier=WARN ego=OK
[17:54:30.842] [TTC]  laptop#261(f5) on your left: dist=105cm vel=-13.3cm/s TTC=7.9s tier=AWARE ego=OK
[17:54:31.068] [VOICE_POLICY] laptop#261(f6) on your left: dist=105cm raw_vel=-12.8cm/s eff_vel=-12.8cm/s ttc=8.2s score=157.6 tier=NONE reason=no_actionable_distance_or_ttc user=still ego=OK
[17:54:31.068] [TTC]  laptop#261(f6) on your left: dist=105cm vel=-12.8cm/s TTC=8.2s tier=NONE ego=OK
[17:54:31.074] [VOICE_POLICY] laptop#261(f6) on your left: dist=107cm raw_vel=-6.4cm/s eff_vel=0.0cm/s ttc=n/a score=15.8 tier=NONE reason=static_stationary_suppression user=still ego=OK
[17:54:32.001] [VOICE_POLICY] person#259(f10) on your left: dist=216cm raw_vel=140.4cm/s eff_vel=0.0cm/s ttc=n/a score=4.2 tier=NONE reason=static_stationary_suppression user=still ego=BAD
[17:54:33.635] [LATENCY] label=WARN text="obstacle on your left, 0.8 meters" event_created=1779472469.767 enqueued=0.000s tts_start=0.500s play_start=0.502s play_end=3.868s queue_wait=0.500s synth=0.002s launch_wait=0.000s mode=clip_alert cache=hit cold_stream=no silence_ms=0
[17:54:33.636] [VOICE] WARN: "Watch out, obstacle on your left, 1.1 meters"
[17:54:37.355] [LATENCY] label=WARN text="Watch out, obstacle on your left, 1.1 me" event_created=1779472470.835 enqueued=0.000s tts_start=2.802s play_start=2.827s play_end=6.520s queue_wait=2.802s synth=0.024s launch_wait=0.000s mode=clip_alert cache=hit cold_stream=no silence_ms=0
[17:54:38.073] [VOICE_POLICY] chair#264(f3) on your right: dist=174cm raw_vel=-11.0cm/s eff_vel=0.0cm/s ttc=n/a score=3.7 tier=NONE reason=static_stationary_suppression user=still ego=BAD
[17:54:38.716] [VOICE_POLICY] chair#264(f6) on your right: dist=136cm raw_vel=-61.3cm/s eff_vel=0.0cm/s ttc=n/a score=4.1 tier=NONE reason=static_stationary_suppression user=still ego=BAD
[17:54:39.207] [VOICE] WARN: "obstacle on your right, 1.1 meters"
[17:54:39.208] [TTC]  chair#264(f8) on your right: dist=119cm vel=-48.2cm/s TTC=2.5s tier=WARN ego=BAD
[17:54:39.239] [TTC]  chair#264(f8) on your right: dist=116cm vel=-33.5cm/s TTC=3.5s tier=WARN ego=BAD
[17:54:39.538] [VOICE] Dropped AWARE (busy_audio_channel): "obstacle on your right, 1.1 meters"
[17:54:39.538] [TTC]  chair#264(f8) on your right: dist=116cm vel=-24.4cm/s TTC=4.7s tier=AWARE ego=BAD
[17:54:39.777] [TTC]  chair#266(f3) ahead: dist=105cm vel=-208.4cm/s TTC=0.5s tier=URGENT ego=BAD
[17:54:42.327] [VOICE_POLICY] person#271(f3) on your left: dist=192cm raw_vel=-79.8cm/s eff_vel=0.0cm/s ttc=n/a score=5.9 tier=NONE reason=static_stationary_suppression user=still ego=BAD
[17:54:42.775] [LATENCY] label=WARN text="obstacle on your right, 1.1 meters" event_created=1779472479.207 enqueued=0.000s tts_start=0.001s play_start=0.008s play_end=3.517s queue_wait=0.001s synth=0.007s launch_wait=0.000s mode=clip_alert cache=hit cold_stream=yes silence_ms=220
[17:54:42.775] [VOICE] URGENT: "obstacle ahead, 1.1 meters"
[17:54:43.249] [VOICE_POLICY] person#271(f7) on your left: dist=211cm raw_vel=-2.2cm/s eff_vel=0.0cm/s ttc=n/a score=4.5 tier=NONE reason=static_stationary_suppression user=still ego=BAD
[17:54:43.252] [VOICE_POLICY] person#271(f7) ahead: dist=135cm raw_vel=-36.9cm/s eff_vel=0.0cm/s ttc=n/a score=7.5 tier=NONE reason=static_stationary_suppression user=still ego=BAD
[17:54:43.515] [VOICE_POLICY] person#271(f8) ahead: dist=206cm raw_vel=-18.4cm/s eff_vel=-18.4cm/s ttc=11.2s score=309.4 tier=NONE reason=no_actionable_distance_or_ttc user=still ego=OK
[17:54:43.515] [TTC]  person#271(f8) ahead: dist=206cm vel=-18.4cm/s TTC=11.2s tier=NONE ego=OK
[17:54:43.712] [VOICE_POLICY] person#271(f9) ahead: dist=211cm raw_vel=-26.3cm/s eff_vel=-26.3cm/s ttc=8.0s score=439.7 tier=NONE reason=no_actionable_distance_or_ttc user=still ego=OK
[17:54:43.712] [TTC]  person#271(f9) ahead: dist=211cm vel=-26.3cm/s TTC=8.0s tier=NONE ego=OK
[17:54:43.717] [TTC]  person#271(f9) ahead: dist=135cm vel=-40.1cm/s TTC=3.4s tier=WARN ego=OK
[17:54:43.948] [VOICE] Dropped AWARE (busy_audio_channel): "person ahead, 2.0 meters"
[17:54:43.948] [TTC]  person#271(f10) ahead: dist=209cm vel=-47.0cm/s TTC=4.4s tier=AWARE ego=OK
[17:54:43.980] [VOICE] Dropped AWARE (busy_audio_channel): "person on your right, 1.4 meters"
[17:54:43.980] [VOICE_POLICY] person#271(f10) on your right: dist=135cm raw_vel=-115.8cm/s eff_vel=-115.8cm/s ttc=1.2s score=600.0 tier=AWARENESS reason=side_pass_awareness user=still ego=OK
[17:54:43.980] [TTC]  person#271(f10) on your right: dist=135cm vel=-115.8cm/s TTC=1.2s tier=URGENT ego=OK
[17:54:44.978] [VOICE_POLICY] person#271(f13) on your right: dist=267cm raw_vel=-33.3cm/s eff_vel=-33.3cm/s ttc=8.0s score=500.9 tier=NONE reason=no_actionable_distance_or_ttc user=still ego=OK
[17:54:44.978] [TTC]  person#271(f13) on your right: dist=267cm vel=-33.3cm/s TTC=8.0s tier=NONE ego=OK
[17:54:45.219] [TTC]  person#271(f14) on your right: dist=213cm vel=-76.8cm/s TTC=2.8s tier=WARN ego=OK
[17:54:45.242] [TTC]  person#271(f14) on your right: dist=195cm vel=-133.9cm/s TTC=1.5s tier=URGENT ego=OK
[17:54:45.417] [TTC]  person#271(f15) on your right: dist=205cm vel=-156.7cm/s TTC=1.3s tier=URGENT ego=OK
[17:54:45.421] [TTC]  person#271(f15) on your right: dist=195cm vel=-163.1cm/s TTC=1.2s tier=URGENT ego=OK
[17:54:45.675] [TTC]  person#271(f15) on your right: dist=195cm vel=-91.0cm/s TTC=2.1s tier=WARN ego=OK
[17:54:45.679] [VOICE] Dropped AWARE (busy_audio_channel): "person on your right, 1.4 meters"
[17:54:45.679] [TTC]  person#271(f15) on your right: dist=135cm vel=-96.8cm/s TTC=1.4s tier=URGENT ego=OK
[17:54:45.754] [LATENCY] label=URGENT text="obstacle ahead, 1.1 meters" event_created=1779472479.778 enqueued=0.000s tts_start=2.999s play_start=3.000s play_end=5.977s queue_wait=2.999s synth=0.001s launch_wait=0.000s mode=clip_alert cache=hit cold_stream=no silence_ms=0
[17:54:45.754] [VOICE] URGENT: "Stop! person on your right, 2.0 meters"
[17:54:45.985] [VOICE] Dropped AWARE (busy_audio_channel): "person on your right, 1.4 meters"
[17:54:45.986] [TTC]  person#271(f15) on your right: dist=135cm vel=-123.4cm/s TTC=1.1s tier=URGENT ego=OK
[17:54:46.047] [TTC]  person#271(f15) on your right: dist=225cm vel=-64.4cm/s TTC=3.5s tier=WARN ego=OK
[17:54:46.278] [VOICE] Dropped CLEAR (busy_audio_channel): "person moving away"
[17:54:46.512] [VOICE_POLICY] chair#275(f3) on your left: dist=195cm raw_vel=-23.9cm/s eff_vel=0.0cm/s ttc=n/a score=3.1 tier=NONE reason=static_stationary_suppression user=still ego=BAD
[17:54:46.515] [VOICE_POLICY] chair#275(f3) on your left: dist=233cm raw_vel=-66.4cm/s eff_vel=0.0cm/s ttc=n/a score=2.0 tier=NONE reason=static_stationary_suppression user=still ego=BAD
[17:54:47.417] [VOICE] Dropped AWARE (busy_audio_channel): "obstacle on your left, 2.3 meters"
[17:54:47.417] [TTC]  chair#275(f8) on your left: dist=234cm vel=-52.6cm/s TTC=4.4s tier=AWARE ego=OK
[17:54:47.650] [VOICE] Dropped AWARE (busy_audio_channel): "obstacle on your left, 2.3 meters"
[17:54:47.650] [TTC]  chair#275(f8) on your left: dist=230cm vel=-48.3cm/s TTC=4.8s tier=AWARE ego=OK
[17:54:47.657] [TTC]  chair#275(f8) on your left: dist=197cm vel=-89.9cm/s TTC=2.2s tier=WARN ego=OK
[17:54:47.879] [TTC]  chair#275(f8) on your left: dist=195cm vel=-134.0cm/s TTC=1.5s tier=URGENT ego=OK
[17:54:47.884] [TTC]  chair#275(f8) on your left: dist=189cm vel=-141.5cm/s TTC=1.3s tier=URGENT ego=OK
[17:54:48.117] [TTC]  chair#275(f8) on your left: dist=186cm vel=-131.7cm/s TTC=1.4s tier=URGENT ego=OK
[17:54:48.122] [TTC]  chair#275(f8) on your left: dist=185cm vel=-96.5cm/s TTC=1.9s tier=URGENT ego=OK
[17:54:48.351] [VOICE] Dropped AWARE (busy_audio_channel): "obstacle ahead, 2.6 meters"
[17:54:48.351] [TTC]  chair#277(f4) ahead: dist=255cm vel=-52.6cm/s TTC=4.9s tier=AWARE ego=OK
[17:54:48.355] [TTC]  chair#275(f8) on your left: dist=184cm vel=-53.3cm/s TTC=3.5s tier=WARN ego=OK
[17:54:48.552] [VOICE_POLICY] chair#277(f5) ahead: dist=315cm raw_vel=17.1cm/s eff_vel=17.1cm/s ttc=n/a score=0.0 tier=NONE reason=static_stationary_suppression user=still ego=OK
[17:54:48.555] [VOICE_POLICY] chair#277(f5) ahead: dist=264cm raw_vel=40.9cm/s eff_vel=40.9cm/s ttc=n/a score=0.2 tier=NONE reason=static_stationary_suppression user=still ego=OK
[17:54:48.751] [VOICE] Dropped AWARE (busy_audio_channel): "obstacle ahead, 2.3 meters"
[17:54:48.751] [TTC]  chair#277(f6) ahead: dist=225cm vel=-48.5cm/s TTC=4.6s tier=AWARE ego=OK
[17:54:48.949] [VOICE_POLICY] chair#277(f7) ahead: dist=315cm raw_vel=-28.2cm/s eff_vel=-28.2cm/s ttc=11.2s score=247.9 tier=NONE reason=no_actionable_distance_or_ttc user=still ego=OK
[17:54:48.949] [TTC]  chair#277(f7) ahead: dist=315cm vel=-28.2cm/s TTC=11.2s tier=NONE ego=OK
[17:54:48.952] [VOICE_POLICY] chair#277(f7) ahead: dist=225cm raw_vel=-14.1cm/s eff_vel=0.0cm/s ttc=n/a score=2.2 tier=NONE reason=static_stationary_suppression user=still ego=OK
[17:54:49.090] [LATENCY] label=URGENT text="Stop! person on your right, 2.0 meters" event_created=1779472485.421 enqueued=0.000s tts_start=0.376s play_start=0.433s play_end=3.670s queue_wait=0.376s synth=0.057s launch_wait=0.000s mode=clip_alert cache=hit cold_stream=no silence_ms=0
[17:54:49.091] [VOICE] URGENT: "obstacle on your left, 2.0 meters"
[17:54:49.319] [VOICE] Dropped AWARE (busy_audio_channel): "obstacle ahead, 2.3 meters"
[17:54:49.319] [TTC]  chair#277(f8) ahead: dist=225cm vel=-29.2cm/s TTC=7.7s tier=AWARE ego=OK
[17:54:49.548] [VOICE] Dropped AWARE (busy_audio_channel): "obstacle ahead, 2.3 meters"
[17:54:49.548] [TTC]  chair#277(f9) ahead: dist=225cm vel=-50.6cm/s TTC=4.4s tier=AWARE ego=OK
[17:54:49.551] [VOICE_POLICY] chair#277(f9) ahead: dist=225cm raw_vel=-21.7cm/s eff_vel=-21.7cm/s ttc=10.4s score=193.4 tier=NONE reason=no_actionable_distance_or_ttc user=still ego=OK
[17:54:49.551] [TTC]  chair#277(f9) ahead: dist=225cm vel=-21.7cm/s TTC=10.4s tier=NONE ego=OK
[17:54:50.923] [VOICE_POLICY] chair#277(f16) ahead: dist=269cm raw_vel=9.6cm/s eff_vel=9.6cm/s ttc=n/a score=0.2 tier=NONE reason=static_stationary_suppression user=still ego=OK
[17:54:51.189] [VOICE_POLICY] chair#277(f17) ahead: dist=270cm raw_vel=10.0cm/s eff_vel=10.0cm/s ttc=n/a score=0.2 tier=NONE reason=static_stationary_suppression user=still ego=OK
[17:54:51.919] [LATENCY] label=URGENT text="obstacle on your left, 2.0 meters" event_created=1779472488.122 enqueued=0.000s tts_start=0.970s play_start=1.038s play_end=3.797s queue_wait=0.970s synth=0.068s launch_wait=0.000s mode=clip_alert cache=hit cold_stream=no silence_ms=0
[17:54:51.922] [VOICE] WARN: "Watch out, obstacle on your left, 2.0 meters"
[17:54:52.513] [VOICE_POLICY] chair#277(f23) ahead: dist=255cm raw_vel=-21.4cm/s eff_vel=-21.4cm/s ttc=11.9s score=189.3 tier=NONE reason=no_actionable_distance_or_ttc user=still ego=OK
[17:54:52.514] [TTC]  chair#277(f23) ahead: dist=255cm vel=-21.4cm/s TTC=11.9s tier=NONE ego=OK
[17:54:52.517] [TTC]  chair#277(f23) ahead: dist=255cm vel=-23.8cm/s TTC=10.7s tier=NONE ego=OK
[17:54:52.918] [VOICE_POLICY] chair#277(f25) ahead: dist=315cm raw_vel=70.8cm/s eff_vel=70.8cm/s ttc=n/a score=0.0 tier=NONE reason=static_stationary_suppression user=still ego=OK
[17:54:53.152] [VOICE_POLICY] chair#277(f26) ahead: dist=255cm raw_vel=61.1cm/s eff_vel=61.1cm/s ttc=n/a score=0.3 tier=NONE reason=static_stationary_suppression user=still ego=OK
[17:54:53.385] [VOICE] Dropped AWARE (busy_audio_channel): "obstacle ahead, 2.6 meters"
[17:54:53.385] [TTC]  chair#277(f27) ahead: dist=255cm vel=-47.6cm/s TTC=5.4s tier=AWARE ego=OK
[17:54:53.387] [VOICE_POLICY] chair#277(f27) ahead: dist=315cm raw_vel=-27.4cm/s eff_vel=-27.4cm/s ttc=11.5s score=240.7 tier=NONE reason=no_actionable_distance_or_ttc user=still ego=OK
[17:54:53.388] [TTC]  chair#277(f27) ahead: dist=315cm vel=-27.4cm/s TTC=11.5s tier=NONE ego=OK
[17:54:53.588] [VOICE] Dropped AWARE (busy_audio_channel): "obstacle ahead, 2.9 meters"
[17:54:53.588] [TTC]  chair#277(f28) ahead: dist=270cm vel=-64.2cm/s TTC=4.2s tier=AWARE ego=OK
[17:54:53.786] [VOICE] Dropped AWARE (busy_audio_channel): "obstacle ahead, 2.6 meters"
[17:54:53.787] [TTC]  chair#277(f29) ahead: dist=255cm vel=-35.6cm/s TTC=7.2s tier=AWARE ego=OK
[17:54:53.988] [TTC]  chair#277(f30) ahead: dist=225cm vel=-58.6cm/s TTC=3.8s tier=WARN ego=OK
[17:54:54.219] [VOICE] Dropped AWARE (busy_audio_channel): "obstacle ahead, 2.9 meters"
[17:54:54.220] [TTC]  chair#277(f31) ahead: dist=285cm vel=-49.8cm/s TTC=5.7s tier=AWARE ego=OK
[17:54:54.222] [VOICE] Dropped AWARE (busy_audio_channel): "obstacle ahead, 2.6 meters"
[17:54:54.223] [TTC]  chair#277(f31) ahead: dist=269cm vel=-52.2cm/s TTC=5.2s tier=AWARE ego=OK
[17:54:54.419] [VOICE_POLICY] chair#277(f32) ahead: dist=270cm raw_vel=12.1cm/s eff_vel=12.1cm/s ttc=n/a score=0.2 tier=NONE reason=static_stationary_suppression user=still ego=OK
[17:54:54.619] [VOICE_POLICY] chair#277(f33) ahead: dist=255cm raw_vel=-25.1cm/s eff_vel=-25.1cm/s ttc=10.1s score=222.4 tier=NONE reason=no_actionable_distance_or_ttc user=still ego=OK
[17:54:54.619] [TTC]  chair#277(f33) ahead: dist=255cm vel=-25.1cm/s TTC=10.1s tier=NONE ego=OK
[17:54:55.153] [TTC]  chair#277(f36) ahead: dist=255cm vel=-71.4cm/s TTC=3.6s tier=WARN ego=OK
[17:54:55.156] [VOICE] Dropped AWARE (busy_audio_channel): "obstacle ahead, 2.6 meters"
[17:54:55.156] [TTC]  chair#277(f36) ahead: dist=255cm vel=-35.7cm/s TTC=7.1s tier=AWARE ego=OK
[17:54:55.357] [LATENCY] label=WARN text="Watch out, obstacle on your left, 2.0 me" event_created=1779472488.356 enqueued=0.000s tts_start=3.567s play_start=3.598s play_end=7.001s queue_wait=3.567s synth=0.031s launch_wait=0.000s mode=clip_alert cache=hit cold_stream=no silence_ms=0
[17:54:55.357] [VOICE] WARN: "Watch out, obstacle ahead, 2.6 meters"
[17:54:55.388] [VOICE_POLICY] chair#277(f37) ahead: dist=265cm raw_vel=26.0cm/s eff_vel=26.0cm/s ttc=n/a score=0.2 tier=NONE reason=static_stationary_suppression user=still ego=OK
[17:54:56.186] [VOICE_POLICY] chair#281(f3) ahead: dist=172cm raw_vel=-10.7cm/s eff_vel=0.0cm/s ttc=n/a score=3.8 tier=NONE reason=static_stationary_suppression user=still ego=BAD
[17:54:56.587] [VOICE_POLICY] chair#277(f38) ahead: dist=200cm raw_vel=-23.0cm/s eff_vel=0.0cm/s ttc=n/a score=2.9 tier=NONE reason=static_stationary_suppression user=still ego=BAD
[17:54:56.595] [VOICE_POLICY] chair#281(f5) ahead: dist=190cm raw_vel=-22.8cm/s eff_vel=0.0cm/s ttc=n/a score=3.2 tier=NONE reason=static_stationary_suppression user=still ego=BAD
[17:54:58.252] [VOICE_POLICY] chair#281(f14) ahead: dist=179cm raw_vel=-2.8cm/s eff_vel=0.0cm/s ttc=n/a score=3.5 tier=NONE reason=static_stationary_suppression user=still ego=BAD
[17:54:58.688] [LATENCY] label=WARN text="Watch out, obstacle ahead, 2.6 meters" event_created=1779472495.153 enqueued=0.000s tts_start=0.205s play_start=0.236s play_end=3.535s queue_wait=0.205s synth=0.031s launch_wait=0.000s mode=clip_alert cache=hit cold_stream=no silence_ms=0
[17:54:58.927] [VOICE_POLICY] chair#281(f17) ahead: dist=182cm raw_vel=-4.2cm/s eff_vel=0.0cm/s ttc=n/a score=3.5 tier=NONE reason=static_stationary_suppression user=still ego=BAD
[17:55:00.325] [VOICE_POLICY] chair#281(f24) on your left: dist=163cm raw_vel=-6.7cm/s eff_vel=0.0cm/s ttc=n/a score=4.0 tier=NONE reason=static_stationary_suppression user=still ego=BAD
[17:55:02.391] [VOICE_POLICY] chair#281(f35) ahead: dist=167cm raw_vel=-0.0cm/s eff_vel=0.0cm/s ttc=n/a score=3.5 tier=NONE reason=static_stationary_suppression user=still ego=BAD
[17:55:03.025] [VOICE] WARN: "Watch out, obstacle on your right, 2.6 meters"
[17:55:03.025] [TTC]  chair#283(f14) on your right: dist=255cm vel=-81.1cm/s TTC=3.1s tier=WARN ego=OK
[17:55:03.054] [VOICE_POLICY] chair#283(f14) on your right: dist=273cm raw_vel=-30.6cm/s eff_vel=-30.6cm/s ttc=8.9s score=245.2 tier=NONE reason=no_actionable_distance_or_ttc user=still ego=OK
[17:55:03.055] [TTC]  chair#283(f14) on your right: dist=273cm vel=-30.6cm/s TTC=8.9s tier=NONE ego=OK
[17:55:04.493] [VOICE_POLICY] chair#281(f45) ahead: dist=166cm raw_vel=0.0cm/s eff_vel=0.0cm/s ttc=n/a score=3.9 tier=NONE reason=static_stationary_suppression user=still ego=BAD
[17:55:05.901] [VOICE_POLICY] chair#281(f51) on your left: dist=204cm raw_vel=10.7cm/s eff_vel=0.0cm/s ttc=n/a score=2.8 tier=NONE reason=static_stationary_suppression user=still ego=BAD
[17:55:06.160] [VOICE_POLICY] chair#281(f51) on your left: dist=211cm raw_vel=58.9cm/s eff_vel=0.0cm/s ttc=n/a score=2.6 tier=NONE reason=static_stationary_suppression user=still ego=BAD
[17:55:06.166] [VOICE_POLICY] chair#283(f28) on your right: dist=202cm raw_vel=-118.0cm/s eff_vel=0.0cm/s ttc=n/a score=2.9 tier=NONE reason=static_stationary_suppression user=still ego=BAD
[17:55:06.794] [LATENCY] label=WARN text="Watch out, obstacle on your right, 2.6 m" event_created=1779472503.025 enqueued=0.000s tts_start=0.001s play_start=0.032s play_end=3.769s queue_wait=0.001s synth=0.031s launch_wait=0.000s mode=clip_alert cache=hit cold_stream=yes silence_ms=220
[17:55:07.404] [VOICE_POLICY] chair#289(f6) ahead: dist=135cm raw_vel=-5.3cm/s eff_vel=0.0cm/s ttc=n/a score=4.4 tier=NONE reason=static_stationary_suppression user=still ego=BAD
[17:55:07.634] [VOICE] URGENT: "obstacle ahead, 1.1 meters"
[17:55:07.635] [TTC]  chair#289(f7) ahead: dist=96cm vel=-54.9cm/s TTC=1.7s tier=URGENT ego=BAD
[17:55:07.904] [TTC]  chair#289(f7) ahead: dist=94cm vel=-76.6cm/s TTC=1.2s tier=URGENT ego=BAD
[17:55:07.927] [TTC]  chair#289(f7) ahead: dist=87cm vel=-86.2cm/s TTC=1.0s tier=URGENT ego=BAD
[17:55:08.163] [TTC]  chair#289(f8) ahead: dist=87cm vel=-79.9cm/s TTC=1.1s tier=URGENT ego=BAD
[17:55:08.168] [TTC]  chair#289(f8) ahead: dist=84cm vel=-51.4cm/s TTC=1.6s tier=URGENT ego=BAD
[17:55:08.393] [TTC]  chair#289(f9) ahead: dist=84cm vel=-34.3cm/s TTC=2.4s tier=WARN ego=BAD
[17:55:08.399] [TTC]  chair#289(f9) ahead: dist=70cm vel=-30.7cm/s TTC=2.3s tier=WARN ego=BAD
[17:55:08.595] [TTC]  chair#289(f9) ahead: dist=67cm vel=-37.4cm/s TTC=1.8s tier=URGENT ego=BAD
[17:55:08.601] [TTC]  chair#281(f61) on your left: dist=115cm vel=-119.4cm/s TTC=1.0s tier=URGENT ego=BAD
[17:55:08.795] [TTC]  chair#281(f61) on your left: dist=113cm vel=-130.9cm/s TTC=0.9s tier=URGENT ego=BAD
[17:55:08.801] [TTC]  chair#281(f61) on your left: dist=88cm vel=-119.7cm/s TTC=0.7s tier=URGENT ego=BAD
[17:55:08.996] [VOICE_POLICY] chair#281(f61) on your left: dist=88cm raw_vel=0.0cm/s eff_vel=0.0cm/s ttc=n/a score=16.5 tier=NONE reason=static_stationary_suppression user=still ego=BAD
[17:55:09.003] [TTC]  chair#281(f61) on your left: dist=103cm vel=-33.6cm/s TTC=3.1s tier=WARN ego=BAD
[17:55:09.196] [TTC]  chair#289(f9) ahead: dist=75cm vel=-43.5cm/s TTC=1.7s tier=URGENT ego=BAD
[17:55:09.204] [TTC]  chair#289(f9) ahead: dist=74cm vel=-74.2cm/s TTC=1.0s tier=URGENT ego=BAD
[17:55:09.759] [TTC]  laptop#294(f3) on your left: dist=75cm vel=-54.2cm/s TTC=1.4s tier=URGENT ego=BAD
[17:55:09.764] [TTC]  laptop#294(f3) on your left: dist=81cm vel=-27.1cm/s TTC=3.0s tier=WARN ego=BAD
[17:55:09.968] [VOICE] Dropped AWARE (busy_audio_channel): "obstacle on your left, 0.8 meters"
[17:55:09.968] [TTC]  laptop#294(f4) on your left: dist=75cm vel=-13.6cm/s TTC=5.5s tier=AWARE ego=BAD
[17:55:09.972] [VOICE_POLICY] laptop#294(f4) on your left: dist=75cm raw_vel=0.0cm/s eff_vel=0.0cm/s ttc=n/a score=27.5 tier=NONE reason=static_stationary_suppression user=still ego=BAD
[17:55:10.393] [TTC]  laptop#294(f5) on your left: dist=235cm vel=-222.3cm/s TTC=1.1s tier=URGENT ego=OK
[17:55:10.397] [TTC]  laptop#294(f5) on your left: dist=204cm vel=-223.0cm/s TTC=0.9s tier=URGENT ego=OK
[17:55:10.599] [LATENCY] label=URGENT text="obstacle ahead, 1.1 meters" event_created=1779472507.634 enqueued=0.000s tts_start=0.001s play_start=0.003s play_end=2.964s queue_wait=0.001s synth=0.002s launch_wait=0.000s mode=clip_alert cache=hit cold_stream=no silence_ms=0
[17:55:10.600] [VOICE] URGENT: "obstacle on your left, 2.0 meters"
[17:55:10.631] [TTC]  laptop#294(f5) on your left: dist=200cm vel=-185.9cm/s TTC=1.1s tier=URGENT ego=OK
[17:55:10.672] [TTC]  laptop#294(f5) on your left: dist=193cm vel=-132.7cm/s TTC=1.5s tier=URGENT ego=OK
[17:55:10.934] [TTC]  laptop#294(f5) on your left: dist=193cm vel=-66.4cm/s TTC=2.9s tier=WARN ego=OK
[17:55:10.939] [TTC]  laptop#294(f5) on your left: dist=155cm vel=-46.9cm/s TTC=3.3s tier=WARN ego=OK
[17:55:11.474] [VOICE_POLICY] person#296(f3) ahead: dist=192cm raw_vel=0.0cm/s eff_vel=0.0cm/s ttc=n/a score=5.9 tier=NONE reason=static_stationary_suppression user=still ego=BAD
[17:55:11.864] [VOICE_POLICY] keyboard#297(f4) on your left: dist=125cm raw_vel=-3.3cm/s eff_vel=0.0cm/s ttc=n/a score=8.3 tier=NONE reason=static_stationary_suppression user=still ego=BAD
[17:55:13.345] [LATENCY] label=URGENT text="obstacle on your left, 2.0 meters" event_created=1779472510.398 enqueued=0.000s tts_start=0.203s play_start=0.206s play_end=2.946s queue_wait=0.203s synth=0.002s launch_wait=0.000s mode=clip_alert cache=hit cold_stream=no silence_ms=0
[17:55:13.364] [VOICE] WARN: "Watch out, obstacle on your left, 1.7 meters"
[17:55:14.466] [VOICE_POLICY] person#296(f18) ahead: dist=209cm raw_vel=-6.2cm/s eff_vel=0.0cm/s ttc=n/a score=5.0 tier=NONE reason=static_stationary_suppression user=still ego=OK
[17:55:14.471] [VOICE_POLICY] person#296(f18) ahead: dist=212cm raw_vel=-3.1cm/s eff_vel=0.0cm/s ttc=n/a score=4.8 tier=NONE reason=static_stationary_suppression user=still ego=OK
[17:55:15.038] [VOICE_POLICY] keyboard#297(f20) ahead: dist=132cm raw_vel=-3.4cm/s eff_vel=0.0cm/s ttc=n/a score=6.0 tier=NONE reason=static_stationary_suppression user=still ego=OK
[17:55:15.943] [VOICE] Dropped AWARE (busy_audio_channel): "obstacle ahead, 1.4 meters"
[17:55:15.943] [TTC]  keyboard#297(f25) ahead: dist=133cm vel=-17.3cm/s TTC=7.7s tier=AWARE ego=OK
[17:55:16.169] [VOICE_POLICY] keyboard#297(f26) ahead: dist=135cm raw_vel=-11.6cm/s eff_vel=-11.6cm/s ttc=11.6s score=121.4 tier=NONE reason=no_actionable_distance_or_ttc user=still ego=OK
[17:55:16.169] [TTC]  keyboard#297(f26) ahead: dist=135cm vel=-11.6cm/s TTC=11.6s tier=NONE ego=OK
[17:55:16.575] [VOICE_POLICY] person#296(f29) ahead: dist=211cm raw_vel=-14.6cm/s eff_vel=0.0cm/s ttc=n/a score=4.5 tier=NONE reason=static_stationary_suppression user=still ego=OK
[17:55:16.841] [TTC]  keyboard#297(f29) ahead: dist=141cm vel=-13.6cm/s TTC=10.3s tier=NONE ego=OK
[17:55:16.870] [LATENCY] label=WARN text="Watch out, obstacle on your left, 1.7 me" event_created=1779472510.939 enqueued=0.000s tts_start=2.429s play_start=2.436s play_end=5.930s queue_wait=2.429s synth=0.007s launch_wait=0.000s mode=clip_alert cache=hit cold_stream=no silence_ms=0
[17:55:17.103] [TTC]  keyboard#297(f30) ahead: dist=138cm vel=-14.8cm/s TTC=9.3s tier=NONE ego=OK
[17:55:17.108] [VOICE] AWARE: "obstacle ahead, 1.4 meters"
[17:55:17.108] [TTC]  keyboard#297(f30) ahead: dist=132cm vel=-23.1cm/s TTC=5.7s tier=AWARE ego=OK
[17:55:17.403] [TTC]  keyboard#297(f31) ahead: dist=134cm vel=-17.2cm/s TTC=7.8s tier=AWARE ego=OK
[17:55:17.407] [TTC]  keyboard#297(f31) ahead: dist=126cm vel=-26.0cm/s TTC=4.8s tier=AWARE ego=OK
[17:55:17.602] [TTC]  keyboard#297(f31) ahead: dist=126cm vel=-29.2cm/s TTC=4.3s tier=AWARE ego=OK
[17:55:17.606] [TTC]  keyboard#297(f31) ahead: dist=130cm vel=-17.0cm/s TTC=7.6s tier=AWARE ego=OK
[17:55:17.802] [VOICE_POLICY] keyboard#297(f32) ahead: dist=135cm raw_vel=-11.0cm/s eff_vel=0.0cm/s ttc=n/a score=5.0 tier=NONE reason=static_stationary_suppression user=still ego=OK
[17:55:18.007] [VOICE_POLICY] person#296(f35) ahead: dist=209cm raw_vel=3.4cm/s eff_vel=0.0cm/s ttc=n/a score=5.0 tier=NONE reason=static_stationary_suppression user=still ego=OK
[17:55:19.740] [VOICE_POLICY] person#296(f45) ahead: dist=236cm raw_vel=43.2cm/s eff_vel=43.2cm/s ttc=n/a score=0.7 tier=NONE reason=static_stationary_suppression user=still ego=OK
[17:55:19.945] [VOICE_POLICY] keyboard#297(f43) ahead: dist=140cm raw_vel=14.7cm/s eff_vel=14.7cm/s ttc=n/a score=0.7 tier=NONE reason=static_stationary_suppression user=still ego=OK
[17:55:20.144] [LATENCY] label=AWARE text="obstacle ahead, 1.4 meters" event_created=1779472517.108 enqueued=0.000s tts_start=0.001s play_start=0.030s play_end=3.037s queue_wait=0.001s synth=0.029s launch_wait=0.000s mode=clip_alert cache=hit cold_stream=no silence_ms=0
[17:55:21.045] [VOICE_POLICY] keyboard#297(f49) ahead: dist=133cm raw_vel=-14.7cm/s eff_vel=-14.7cm/s ttc=9.0s score=168.2 tier=NONE reason=no_actionable_distance_or_ttc user=still ego=OK
[17:55:21.045] [TTC]  keyboard#297(f49) ahead: dist=133cm vel=-14.7cm/s TTC=9.0s tier=NONE ego=OK
[17:55:21.271] [VOICE] CLEAR: "keyboard stopped, 1.4 meters away"
[17:55:21.942] [VOICE_POLICY] keyboard#297(f53) ahead: dist=131cm raw_vel=-0.1cm/s eff_vel=0.0cm/s ttc=n/a score=7.0 tier=NONE reason=static_stationary_suppression user=still ego=OK
[17:55:22.343] [VOICE_POLICY] person#296(f57) on your right: dist=230cm raw_vel=2.3cm/s eff_vel=0.0cm/s ttc=n/a score=3.5 tier=NONE reason=static_stationary_suppression user=still ego=OK
[17:55:24.011] [VOICE_POLICY] keyboard#297(f64) ahead: dist=139cm raw_vel=-9.8cm/s eff_vel=0.0cm/s ttc=n/a score=4.0 tier=NONE reason=static_stationary_suppression user=still ego=OK
[17:55:24.247] [TTC]  keyboard#297(f65) ahead: dist=131cm vel=-16.8cm/s TTC=7.8s tier=AWARE ego=OK
[17:55:24.475] [VOICE_POLICY] keyboard#297(f66) ahead: dist=133cm raw_vel=-13.6cm/s eff_vel=-13.6cm/s ttc=9.8s score=155.3 tier=NONE reason=no_actionable_distance_or_ttc user=still ego=OK
[17:55:24.475] [TTC]  keyboard#297(f66) ahead: dist=133cm vel=-13.6cm/s TTC=9.8s tier=NONE ego=OK
[17:55:24.480] [TTC]  keyboard#297(f66) ahead: dist=125cm vel=-22.9cm/s TTC=5.5s tier=AWARE ego=OK
[17:55:24.703] [VOICE_POLICY] person#296(f67) on your right: dist=219cm raw_vel=-22.8cm/s eff_vel=-22.8cm/s ttc=9.6s score=346.4 tier=NONE reason=no_actionable_distance_or_ttc user=still ego=OK
[17:55:24.703] [TTC]  person#296(f67) on your right: dist=219cm vel=-22.8cm/s TTC=9.6s tier=NONE ego=OK
[17:55:24.707] [TTC]  person#296(f67) on your right: dist=218cm vel=-21.8cm/s TTC=10.0s tier=NONE ego=OK
[17:55:25.149] [LATENCY] label=CLEAR text="keyboard stopped, 1.4 meters away" event_created=1779472521.271 enqueued=0.000s tts_start=0.001s play_start=0.038s play_end=3.878s queue_wait=0.001s synth=0.037s launch_wait=0.000s mode=espeak_alert cache=fallback cold_stream=no silence_ms=0
[17:55:25.747] [VOICE_POLICY] person#296(f72) on your right: dist=230cm raw_vel=0.8cm/s eff_vel=0.0cm/s ttc=n/a score=3.5 tier=NONE reason=static_stationary_suppression user=still ego=OK
[17:55:25.982] [TTC]  keyboard#297(f73) ahead: dist=136cm vel=-27.5cm/s TTC=4.9s tier=AWARE ego=OK
[17:55:26.209] [TTC]  person#296(f74) ahead: dist=231cm vel=-21.1cm/s TTC=10.9s tier=NONE ego=OK
[17:55:26.215] [TTC]  person#296(f74) ahead: dist=230cm vel=-24.1cm/s TTC=9.5s tier=NONE ego=OK
[17:55:26.442] [TTC]  person#296(f75) ahead: dist=230cm vel=-25.6cm/s TTC=9.0s tier=NONE ego=OK
[17:55:26.448] [TTC]  person#296(f75) ahead: dist=232cm vel=-26.4cm/s TTC=8.8s tier=NONE ego=OK
[17:55:26.675] [TTC]  person#296(f76) ahead: dist=230cm vel=-26.8cm/s TTC=8.6s tier=NONE ego=OK
[17:55:26.681] [VOICE_POLICY] keyboard#297(f76) on your left: dist=131cm raw_vel=-13.6cm/s eff_vel=-13.6cm/s ttc=9.6s score=142.2 tier=NONE reason=no_actionable_distance_or_ttc user=still ego=OK
[17:55:26.681] [TTC]  keyboard#297(f76) on your left: dist=131cm vel=-13.6cm/s TTC=9.6s tier=NONE ego=OK
[17:55:26.879] [VOICE_POLICY] keyboard#297(f77) on your left: dist=134cm raw_vel=-6.8cm/s eff_vel=0.0cm/s ttc=n/a score=5.9 tier=NONE reason=static_stationary_suppression user=still ego=OK
[17:55:28.944] [VOICE_POLICY] keyboard#297(f87) ahead: dist=126cm raw_vel=1.8cm/s eff_vel=0.0cm/s ttc=n/a score=8.8 tier=NONE reason=static_stationary_suppression user=still ego=OK
[17:55:30.815] [VOICE_POLICY] person#296(f96) ahead: dist=228cm raw_vel=-0.0cm/s eff_vel=0.0cm/s ttc=n/a score=3.6 tier=NONE reason=static_stationary_suppression user=still ego=OK
[17:55:31.012] [VOICE_POLICY] keyboard#297(f96) ahead: dist=137cm raw_vel=-0.0cm/s eff_vel=0.0cm/s ttc=n/a score=4.8 tier=NONE reason=static_stationary_suppression user=still ego=OK
[17:55:31.947] [VOICE_POLICY] keyboard#297(f100) ahead: dist=135cm raw_vel=-13.8cm/s eff_vel=-13.8cm/s ttc=9.8s score=142.5 tier=NONE reason=no_actionable_distance_or_ttc user=still ego=OK
[17:55:31.948] [TTC]  keyboard#297(f100) ahead: dist=135cm vel=-13.8cm/s TTC=9.8s tier=NONE ego=OK
[17:55:31.956] [VOICE_POLICY] person#296(f101) ahead: dist=225cm raw_vel=-23.3cm/s eff_vel=-23.3cm/s ttc=9.6s score=353.6 tier=NONE reason=no_actionable_distance_or_ttc user=still ego=OK
[17:55:31.957] [TTC]  person#296(f101) ahead: dist=225cm vel=-23.3cm/s TTC=9.6s tier=NONE ego=OK
[17:55:32.887] [VOICE_POLICY] keyboard#310(f4) ahead: dist=151cm raw_vel=3.0cm/s eff_vel=0.0cm/s ttc=n/a score=5.5 tier=NONE reason=static_stationary_suppression user=still ego=OK
[17:55:33.484] [TTC]  keyboard#297(f106) ahead: dist=139cm vel=-12.0cm/s TTC=11.6s tier=NONE ego=OK
[17:55:33.488] [TTC]  keyboard#297(f106) ahead: dist=138cm vel=-11.9cm/s TTC=11.6s tier=NONE ego=OK
[17:55:33.684] [TTC]  keyboard#297(f107) ahead: dist=137cm vel=-11.9cm/s TTC=11.5s tier=NONE ego=OK
[17:55:33.688] [VOICE_POLICY] keyboard#297(f107) ahead: dist=137cm raw_vel=-8.5cm/s eff_vel=0.0cm/s ttc=n/a score=4.8 tier=NONE reason=static_stationary_suppression user=still ego=OK
[17:55:36.749] [VOICE_POLICY] keyboard#313(f3) on your left: dist=133cm raw_vel=-2.8cm/s eff_vel=0.0cm/s ttc=n/a score=6.2 tier=NONE reason=static_stationary_suppression user=still ego=OK
[17:55:38.191] [VOICE_POLICY] person#314(f9) on your right: dist=226cm raw_vel=-0.0cm/s eff_vel=0.0cm/s ttc=n/a score=3.7 tier=NONE reason=static_stationary_suppression user=still ego=OK
[17:55:38.759] [VOICE] AWARE: "obstacle ahead, 1.4 meters"
[17:55:38.760] [TTC]  keyboard#313(f13) ahead: dist=132cm vel=-19.2cm/s TTC=6.9s tier=AWARE ego=OK
[17:55:38.992] [VOICE_POLICY] keyboard#313(f14) ahead: dist=133cm raw_vel=-14.8cm/s eff_vel=-14.8cm/s ttc=9.0s score=168.5 tier=NONE reason=no_actionable_distance_or_ttc user=still ego=OK
[17:55:38.992] [TTC]  keyboard#313(f14) ahead: dist=133cm vel=-14.8cm/s TTC=9.0s tier=NONE ego=OK
[17:55:39.020] [TTC]  keyboard#313(f14) on your left: dist=133cm vel=-22.5cm/s TTC=5.9s tier=AWARE ego=OK
[17:55:39.284] [TTC]  keyboard#313(f15) on your left: dist=134cm vel=-16.4cm/s TTC=8.2s tier=NONE ego=OK
[17:55:39.590] [VOICE_POLICY] keyboard#313(f16) ahead: dist=136cm raw_vel=-4.5cm/s eff_vel=0.0cm/s ttc=n/a score=4.7 tier=NONE reason=static_stationary_suppression user=still ego=OK
[17:55:40.518] [VOICE_POLICY] person#314(f20) on your right: dist=229cm raw_vel=6.8cm/s eff_vel=0.0cm/s ttc=n/a score=3.5 tier=NONE reason=static_stationary_suppression user=still ego=OK
[17:55:41.589] [VOICE_POLICY] keyboard#313(f27) ahead: dist=137cm raw_vel=0.0cm/s eff_vel=0.0cm/s ttc=n/a score=4.8 tier=NONE reason=static_stationary_suppression user=still ego=OK
[17:55:42.326] [TTC]  keyboard#313(f31) ahead: dist=133cm vel=-21.7cm/s TTC=6.1s tier=AWARE ego=OK
[17:55:42.553] [TTC]  keyboard#313(f32) ahead: dist=136cm vel=-17.6cm/s TTC=7.7s tier=AWARE ego=OK
[17:55:42.558] [VOICE_POLICY] keyboard#313(f32) ahead: dist=136cm raw_vel=-15.5cm/s eff_vel=-15.5cm/s ttc=8.8s score=175.6 tier=NONE reason=no_actionable_distance_or_ttc user=still ego=OK
[17:55:42.558] [TTC]  keyboard#313(f32) ahead: dist=136cm vel=-15.5cm/s TTC=8.8s tier=NONE ego=OK
[17:55:42.594] [LATENCY] label=AWARE text="obstacle ahead, 1.4 meters" event_created=1779472538.759 enqueued=0.000s tts_start=0.001s play_start=0.626s play_end=3.835s queue_wait=0.001s synth=0.626s launch_wait=0.000s mode=clip_alert cache=hit cold_stream=yes silence_ms=220
[17:55:42.819] [TTC]  keyboard#313(f33) ahead: dist=137cm vel=-14.5cm/s TTC=9.5s tier=NONE ego=OK
[17:55:43.023] [VOICE_POLICY] person#314(f31) ahead: dist=220cm raw_vel=-2.2cm/s eff_vel=0.0cm/s ttc=n/a score=4.0 tier=NONE reason=static_stationary_suppression user=still ego=OK
[17:55:43.654] [VOICE_POLICY] keyboard#313(f37) ahead: dist=132cm raw_vel=24.2cm/s eff_vel=24.2cm/s ttc=n/a score=1.3 tier=NONE reason=static_stationary_suppression user=still ego=OK
[17:55:43.858] [VOICE_POLICY] keyboard#313(f38) ahead: dist=150cm raw_vel=34.9cm/s eff_vel=34.9cm/s ttc=n/a score=1.1 tier=NONE reason=static_stationary_suppression user=still ego=OK
[17:55:44.387] [TTC]  keyboard#313(f41) ahead: dist=138cm vel=-15.0cm/s TTC=9.2s tier=NONE ego=OK
[17:55:44.391] [TTC]  keyboard#313(f41) ahead: dist=136cm vel=-18.0cm/s TTC=7.6s tier=AWARE ego=OK
[17:55:45.425] [VOICE_POLICY] person#314(f43) ahead: dist=223cm raw_vel=-0.3cm/s eff_vel=0.0cm/s ttc=n/a score=3.9 tier=NONE reason=static_stationary_suppression user=still ego=OK
[17:55:45.625] [VOICE_POLICY] keyboard#313(f48) ahead: dist=137cm raw_vel=-1.6cm/s eff_vel=0.0cm/s ttc=n/a score=4.8 tier=NONE reason=static_stationary_suppression user=still ego=OK
[17:55:47.756] [VOICE_POLICY] keyboard#313(f60) ahead: dist=137cm raw_vel=-0.0cm/s eff_vel=0.0cm/s ttc=n/a score=4.8 tier=NONE reason=static_stationary_suppression user=still ego=OK
[17:55:49.824] [VOICE_POLICY] keyboard#313(f72) ahead: dist=138cm raw_vel=0.0cm/s eff_vel=0.0cm/s ttc=n/a score=4.4 tier=NONE reason=static_stationary_suppression user=still ego=OK
[17:55:50.898] [VOICE] AWARE: "obstacle ahead, 1.4 meters"
[17:55:50.898] [TTC]  keyboard#313(f78) ahead: dist=136cm vel=-17.9cm/s TTC=7.6s tier=AWARE ego=OK
[17:55:51.829] [VOICE_POLICY] keyboard#313(f82) ahead: dist=132cm raw_vel=-13.9cm/s eff_vel=-13.9cm/s ttc=9.5s score=159.3 tier=NONE reason=no_actionable_distance_or_ttc user=still ego=OK
[17:55:51.829] [TTC]  keyboard#313(f82) ahead: dist=132cm vel=-13.9cm/s TTC=9.5s tier=NONE ego=OK
[17:55:52.060] [VOICE] Dropped CLEAR (busy_audio_channel): "keyboard stopped, 1.3 meters away"
[17:55:52.060] [VOICE_POLICY] keyboard#313(f83) ahead: dist=133cm raw_vel=-9.0cm/s eff_vel=0.0cm/s ttc=n/a score=6.2 tier=NONE reason=static_stationary_suppression user=still ego=OK
[17:55:54.206] [LATENCY] label=AWARE text="obstacle ahead, 1.4 meters" event_created=1779472550.898 enqueued=0.000s tts_start=0.001s play_start=0.023s play_end=3.307s queue_wait=0.001s synth=0.022s launch_wait=0.000s mode=clip_alert cache=hit cold_stream=yes silence_ms=220
[17:55:54.331] [VOICE_POLICY] keyboard#313(f95) ahead: dist=135cm raw_vel=10.6cm/s eff_vel=10.6cm/s ttc=n/a score=1.1 tier=NONE reason=static_stationary_suppression user=still ego=OK
[17:55:54.733] [VOICE_POLICY] person#314(f92) ahead: dist=232cm raw_vel=8.9cm/s eff_vel=8.9cm/s ttc=n/a score=0.7 tier=NONE reason=static_stationary_suppression user=still ego=OK
[17:55:55.328] [VOICE_POLICY] keyboard#313(f100) ahead: dist=142cm raw_vel=-13.0cm/s eff_vel=-13.0cm/s ttc=10.9s score=146.3 tier=NONE reason=no_actionable_distance_or_ttc user=still ego=OK
[17:55:55.328] [TTC]  keyboard#313(f100) ahead: dist=142cm vel=-13.0cm/s TTC=10.9s tier=NONE ego=OK
[17:55:55.529] [TTC]  keyboard#313(f101) ahead: dist=139cm vel=-17.9cm/s TTC=7.8s tier=AWARE ego=OK
[17:55:55.533] [VOICE] WARN: "Watch out, obstacle ahead, 1.4 meters"
[17:55:55.534] [TTC]  keyboard#313(f101) ahead: dist=135cm vel=-35.6cm/s TTC=3.8s tier=WARN ego=OK
[17:55:55.829] [VOICE_POLICY] person#314(f97) ahead: dist=233cm raw_vel=-21.7cm/s eff_vel=-21.7cm/s ttc=10.7s score=328.9 tier=NONE reason=no_actionable_distance_or_ttc user=still ego=OK
[17:55:55.829] [TTC]  person#314(f97) ahead: dist=233cm vel=-21.7cm/s TTC=10.7s tier=NONE ego=OK
[17:55:55.833] [TTC]  keyboard#313(f102) ahead: dist=133cm vel=-33.0cm/s TTC=4.0s tier=AWARE ego=OK
[17:55:56.428] [VOICE_POLICY] keyboard#313(f105) ahead: dist=136cm raw_vel=-7.2cm/s eff_vel=0.0cm/s ttc=n/a score=4.7 tier=NONE reason=static_stationary_suppression user=still ego=OK
[17:55:56.432] [TTC]  keyboard#313(f105) ahead: dist=133cm vel=-20.1cm/s TTC=6.6s tier=AWARE ego=OK
[17:55:56.628] [TTC]  keyboard#313(f106) ahead: dist=135cm vel=-11.7cm/s TTC=11.5s tier=NONE ego=OK
[17:55:57.532] [VOICE_POLICY] person#314(f106) ahead: dist=234cm raw_vel=5.7cm/s eff_vel=0.0cm/s ttc=n/a score=3.3 tier=NONE reason=static_stationary_suppression user=still ego=OK
[17:55:58.473] [VOICE_POLICY] keyboard#313(f114) ahead: dist=136cm raw_vel=-7.2cm/s eff_vel=0.0cm/s ttc=n/a score=4.7 tier=NONE reason=static_stationary_suppression user=still ego=OK
[17:55:58.836] [LATENCY] label=WARN text="Watch out, obstacle ahead, 1.4 meters" event_created=1779472555.534 enqueued=0.000s tts_start=0.001s play_start=0.023s play_end=3.281s queue_wait=0.001s synth=0.023s launch_wait=0.000s mode=clip_alert cache=hit cold_stream=no silence_ms=0
[17:56:00.561] [VOICE_POLICY] keyboard#313(f123) ahead: dist=138cm raw_vel=0.8cm/s eff_vel=0.0cm/s ttc=n/a score=4.4 tier=NONE reason=static_stationary_suppression user=still ego=OK
[17:56:02.436] [VOICE_POLICY] person#320(f6) ahead: dist=234cm raw_vel=14.6cm/s eff_vel=14.6cm/s ttc=n/a score=0.7 tier=NONE reason=static_stationary_suppression user=still ego=OK
[17:56:03.004] [VOICE_POLICY] keyboard#313(f133) ahead: dist=139cm raw_vel=-12.0cm/s eff_vel=-12.0cm/s ttc=11.6s score=135.5 tier=NONE reason=no_actionable_distance_or_ttc user=still ego=OK
[17:56:03.004] [TTC]  keyboard#313(f133) ahead: dist=139cm vel=-12.0cm/s TTC=11.6s tier=NONE ego=OK
[17:56:03.372] [VOICE_POLICY] keyboard#313(f135) ahead: dist=133cm raw_vel=1.1cm/s eff_vel=0.0cm/s ttc=n/a score=6.2 tier=NONE reason=static_stationary_suppression user=still ego=OK
[17:56:05.033] [VOICE] AWARE: "obstacle ahead, 1.4 meters"
[17:56:05.034] [TTC]  keyboard#313(f143) ahead: dist=139cm vel=-19.0cm/s TTC=7.3s tier=AWARE ego=OK
[17:56:05.068] [VOICE_POLICY] person#320(f17) on your right: dist=228cm raw_vel=-19.9cm/s eff_vel=-19.9cm/s ttc=11.4s score=302.3 tier=NONE reason=no_actionable_distance_or_ttc user=still ego=OK
[17:56:05.068] [TTC]  person#320(f17) on your right: dist=228cm vel=-19.9cm/s TTC=11.4s tier=NONE ego=OK
[17:56:05.400] [TTC]  person#320(f18) on your right: dist=230cm vel=-20.4cm/s TTC=11.3s tier=NONE ego=OK
[17:56:05.406] [TTC]  person#320(f18) on your right: dist=230cm vel=-19.6cm/s TTC=11.7s tier=NONE ego=OK
[17:56:05.663] [TTC]  person#320(f19) on your right: dist=230cm vel=-19.2cm/s TTC=12.0s tier=NONE ego=OK
[17:56:05.667] [VOICE_POLICY] keyboard#313(f145) ahead: dist=139cm raw_vel=-13.3cm/s eff_vel=-13.3cm/s ttc=10.5s score=149.9 tier=NONE reason=no_actionable_distance_or_ttc user=still ego=OK
[17:56:05.667] [TTC]  keyboard#313(f145) ahead: dist=139cm vel=-13.3cm/s TTC=10.5s tier=NONE ego=OK
[17:56:05.872] [VOICE_POLICY] keyboard#313(f146) ahead: dist=136cm raw_vel=-10.3cm/s eff_vel=0.0cm/s ttc=n/a score=5.1 tier=NONE reason=static_stationary_suppression user=still ego=OK
[17:56:05.876] [VOICE_POLICY] person#320(f20) ahead: dist=231cm raw_vel=-8.8cm/s eff_vel=0.0cm/s ttc=n/a score=3.4 tier=NONE reason=static_stationary_suppression user=still ego=OK
[17:56:07.845] [VOICE_POLICY] keyboard#313(f156) ahead: dist=135cm raw_vel=14.2cm/s eff_vel=14.2cm/s ttc=n/a score=1.0 tier=NONE reason=static_stationary_suppression user=still ego=OK
[17:56:08.106] [VOICE_POLICY] person#320(f29) ahead: dist=228cm raw_vel=7.3cm/s eff_vel=0.0cm/s ttc=n/a score=3.6 tier=NONE reason=static_stationary_suppression user=still ego=OK
[17:56:08.276] [LATENCY] label=AWARE text="obstacle ahead, 1.4 meters" event_created=1779472565.034 enqueued=0.000s tts_start=0.001s play_start=0.008s play_end=3.242s queue_wait=0.001s synth=0.007s launch_wait=0.000s mode=clip_alert cache=hit cold_stream=yes silence_ms=220
[17:56:09.867] [VOICE_POLICY] keyboard#313(f167) ahead: dist=136cm raw_vel=-0.0cm/s eff_vel=0.0cm/s ttc=n/a score=4.7 tier=NONE reason=static_stationary_suppression user=still ego=OK
[17:56:10.704] [VOICE_POLICY] person#320(f42) ahead: dist=230cm raw_vel=-0.0cm/s eff_vel=0.0cm/s ttc=n/a score=3.5 tier=NONE reason=static_stationary_suppression user=still ego=OK
[17:56:11.909] [VOICE_POLICY] keyboard#313(f176) ahead: dist=137cm raw_vel=3.7cm/s eff_vel=0.0cm/s ttc=n/a score=4.8 tier=NONE reason=static_stationary_suppression user=still ego=OK
[17:56:12.541] [VOICE_POLICY] keyboard#313(f178) ahead: dist=138cm raw_vel=-16.3cm/s eff_vel=-16.3cm/s ttc=8.5s score=183.9 tier=NONE reason=no_actionable_distance_or_ttc user=still ego=OK
[17:56:12.542] [TTC]  keyboard#313(f178) ahead: dist=138cm vel=-16.3cm/s TTC=8.5s tier=NONE ego=OK
[17:56:12.739] [TTC]  keyboard#313(f179) ahead: dist=138cm vel=-15.1cm/s TTC=9.1s tier=NONE ego=OK
[17:56:12.744] [TTC]  keyboard#313(f179) ahead: dist=138cm vel=-23.4cm/s TTC=5.9s tier=AWARE ego=OK
[17:56:12.938] [TTC]  keyboard#313(f179) ahead: dist=135cm vel=-18.7cm/s TTC=7.2s tier=AWARE ego=OK
[17:56:12.942] [TTC]  keyboard#313(f179) ahead: dist=132cm vel=-16.3cm/s TTC=8.1s tier=NONE ego=OK
[17:56:13.170] [TTC]  keyboard#313(f180) ahead: dist=135cm vel=-15.1cm/s TTC=8.9s tier=NONE ego=OK
[17:56:13.674] [VOICE_POLICY] person#320(f58) ahead: dist=230cm raw_vel=6.8cm/s eff_vel=0.0cm/s ttc=n/a score=3.5 tier=NONE reason=static_stationary_suppression user=still ego=OK
[17:56:13.878] [VOICE_POLICY] keyboard#313(f184) ahead: dist=134cm raw_vel=11.5cm/s eff_vel=11.5cm/s ttc=n/a score=1.1 tier=NONE reason=static_stationary_suppression user=still ego=OK
[17:56:16.006] [VOICE_POLICY] keyboard#313(f196) ahead: dist=137cm raw_vel=-4.7cm/s eff_vel=0.0cm/s ttc=n/a score=4.8 tier=NONE reason=static_stationary_suppression user=still ego=OK
[17:56:16.781] [VOICE_POLICY] person#320(f71) on your right: dist=224cm raw_vel=6.1cm/s eff_vel=0.0cm/s ttc=n/a score=3.8 tier=NONE reason=static_stationary_suppression user=still ego=OK
[17:56:18.174] [VOICE_POLICY] keyboard#313(f206) ahead: dist=151cm raw_vel=25.6cm/s eff_vel=0.0cm/s ttc=n/a score=5.5 tier=NONE reason=static_stationary_suppression user=still ego=BAD
[17:56:19.213] [VOICE_POLICY] keyboard#313(f212) ahead: dist=139cm raw_vel=-10.3cm/s eff_vel=0.0cm/s ttc=n/a score=4.0 tier=NONE reason=static_stationary_suppression user=still ego=OK
[17:56:19.715] [VOICE_POLICY] keyboard#313(f215) ahead: dist=135cm raw_vel=-11.6cm/s eff_vel=-11.6cm/s ttc=11.6s score=133.2 tier=NONE reason=no_actionable_distance_or_ttc user=still ego=OK
[17:56:19.715] [TTC]  keyboard#313(f215) ahead: dist=135cm vel=-11.6cm/s TTC=11.6s tier=NONE ego=OK
[17:56:19.910] [TTC]  keyboard#313(f216) ahead: dist=136cm vel=-11.8cm/s TTC=11.6s tier=NONE ego=OK
[17:56:20.114] [TTC]  keyboard#313(f217) ahead: dist=128cm vel=-11.4cm/s TTC=11.2s tier=NONE ego=OK
[17:56:21.710] [VOICE_POLICY] person#328(f3) on your left: dist=189cm raw_vel=0.0cm/s eff_vel=0.0cm/s ttc=n/a score=5.6 tier=NONE reason=static_stationary_suppression user=still ego=BAD
[17:56:22.412] [VOICE_POLICY] keyboard#313(f229) ahead: dist=131cm raw_vel=-16.0cm/s eff_vel=-16.0cm/s ttc=8.2s score=166.1 tier=NONE reason=no_actionable_distance_or_ttc user=still ego=OK
[17:56:22.413] [TTC]  keyboard#313(f229) ahead: dist=131cm vel=-16.0cm/s TTC=8.2s tier=NONE ego=OK
[17:56:22.620] [VOICE_POLICY] keyboard#313(f230) ahead: dist=131cm raw_vel=-4.0cm/s eff_vel=0.0cm/s ttc=n/a score=6.3 tier=NONE reason=static_stationary_suppression user=still ego=OK
[17:56:23.015] [VOICE_POLICY] person#320(f104) on your right: dist=235cm raw_vel=-0.0cm/s eff_vel=0.0cm/s ttc=n/a score=3.2 tier=NONE reason=static_stationary_suppression user=still ego=BAD
[17:56:23.883] [TTC]  keyboard#313(f236) ahead: dist=138cm vel=-13.7cm/s TTC=10.1s tier=NONE ego=OK
[17:56:24.651] [VOICE_POLICY] keyboard#313(f240) ahead: dist=138cm raw_vel=-2.0cm/s eff_vel=0.0cm/s ttc=n/a score=4.4 tier=NONE reason=static_stationary_suppression user=still ego=OK
[17:56:25.568] [VOICE] URGENT: "obstacle ahead, 0.2 meters"
[17:56:25.569] [TTC]  keyboard#313(f243) ahead: dist=15cm vel=-114.1cm/s TTC=0.1s tier=URGENT ego=BAD
[17:56:25.838] [TTC]  keyboard#313(f243) ahead: dist=15cm vel=-156.6cm/s TTC=0.1s tier=URGENT ego=BAD
[17:56:25.842] [TTC]  keyboard#313(f243) ahead: dist=15cm vel=-172.4cm/s TTC=0.1s tier=URGENT ego=BAD
[17:56:26.034] [TTC]  keyboard#313(f243) ahead: dist=15cm vel=-172.4cm/s TTC=0.1s tier=URGENT ego=BAD
[17:56:26.034] [TTC]  keyboard#313(f243) ahead: dist=15cm vel=-172.4cm/s TTC=0.1s tier=URGENT ego=BAD
[17:56:26.204] [VOICE] Dropped CLEAR (busy_audio_channel): "path clear"
[17:56:28.716] [LATENCY] label=URGENT text="obstacle ahead, 0.2 meters" event_created=1779472585.568 enqueued=0.000s tts_start=0.001s play_start=0.010s play_end=3.148s queue_wait=0.001s synth=0.010s launch_wait=0.000s mode=clip_alert cache=hit cold_stream=yes silence_ms=220
[17:56:28.884] [VOICE_POLICY] keyboard#331(f7) ahead: dist=137cm raw_vel=15.8cm/s eff_vel=0.0cm/s ttc=n/a score=4.8 tier=NONE reason=static_stationary_suppression user=still ego=BAD
[17:56:29.620] [VOICE_POLICY] person#329(f13) on your right: dist=226cm raw_vel=0.0cm/s eff_vel=0.0cm/s ttc=n/a score=3.7 tier=NONE reason=static_stationary_suppression user=still ego=BAD
[17:56:30.916] [VOICE_POLICY] keyboard#331(f19) ahead: dist=138cm raw_vel=-0.0cm/s eff_vel=0.0cm/s ttc=n/a score=4.4 tier=NONE reason=static_stationary_suppression user=still ego=OK
[17:56:31.889] [VOICE_POLICY] person#329(f26) on your right: dist=225cm raw_vel=-0.0cm/s eff_vel=0.0cm/s ttc=n/a score=3.8 tier=NONE reason=static_stationary_suppression user=still ego=OK
[17:56:32.914] [VOICE_POLICY] keyboard#331(f30) ahead: dist=137cm raw_vel=-8.2cm/s eff_vel=0.0cm/s ttc=n/a score=4.3 tier=NONE reason=static_stationary_suppression user=still ego=OK
[17:56:34.953] [VOICE_POLICY] person#329(f42) on your right: dist=224cm raw_vel=6.4cm/s eff_vel=0.0cm/s ttc=n/a score=3.8 tier=NONE reason=static_stationary_suppression user=still ego=OK
[17:56:35.591] [VOICE_POLICY] keyboard#331(f44) ahead: dist=128cm raw_vel=-6.9cm/s eff_vel=0.0cm/s ttc=n/a score=8.1 tier=NONE reason=static_stationary_suppression user=still ego=OK
[17:56:35.928] [VOICE_POLICY] keyboard#331(f46) ahead: dist=150cm raw_vel=30.4cm/s eff_vel=30.4cm/s ttc=n/a score=1.1 tier=NONE reason=static_stationary_suppression user=still ego=OK
[17:56:36.657] [VOICE] AWARE: "obstacle ahead, 1.4 meters"
[17:56:36.658] [TTC]  keyboard#333(f3) ahead: dist=137cm vel=-18.3cm/s TTC=7.5s tier=AWARE ego=OK
[17:56:36.686] [VOICE_POLICY] person#329(f51) on your right: dist=226cm raw_vel=-20.0cm/s eff_vel=-20.0cm/s ttc=11.3s score=333.9 tier=NONE reason=no_actionable_distance_or_ttc user=still ego=OK
[17:56:36.692] [TTC]  person#329(f51) on your right: dist=226cm vel=-20.0cm/s TTC=11.3s tier=NONE ego=OK
[17:56:37.056] [TTC]  person#329(f52) on your right: dist=227cm vel=-20.5cm/s TTC=11.1s tier=NONE ego=OK
[17:56:37.060] [TTC]  keyboard#333(f3) ahead: dist=126cm vel=-30.8cm/s TTC=4.1s tier=AWARE ego=OK
[17:56:37.264] [TTC]  keyboard#333(f3) ahead: dist=126cm vel=-34.2cm/s TTC=3.7s tier=WARN ego=OK
[17:56:37.287] [TTC]  keyboard#333(f3) ahead: dist=119cm vel=-19.9cm/s TTC=6.0s tier=AWARE ego=OK
[17:56:37.522] [VOICE_POLICY] keyboard#333(f4) ahead: dist=129cm raw_vel=-3.4cm/s eff_vel=0.0cm/s ttc=n/a score=7.7 tier=NONE reason=static_stationary_suppression user=still ego=OK
[17:56:38.296] [VOICE_POLICY] person#334(f3) on your right: dist=220cm raw_vel=6.0cm/s eff_vel=0.0cm/s ttc=n/a score=4.0 tier=NONE reason=static_stationary_suppression user=still ego=OK
[17:56:38.858] [VOICE_POLICY] person#329(f56) on your right: dist=219cm raw_vel=-20.8cm/s eff_vel=-20.8cm/s ttc=10.5s score=316.6 tier=NONE reason=no_actionable_distance_or_ttc user=still ego=OK
[17:56:38.858] [TTC]  person#329(f56) on your right: dist=219cm vel=-20.8cm/s TTC=10.5s tier=NONE ego=OK
[17:56:39.527] [VOICE_POLICY] keyboard#333(f12) ahead: dist=124cm raw_vel=-9.8cm/s eff_vel=0.0cm/s ttc=n/a score=9.5 tier=NONE reason=static_stationary_suppression user=still ego=OK
[17:56:39.533] [TTC]  keyboard#333(f12) ahead: dist=120cm vel=-21.9cm/s TTC=5.5s tier=AWARE ego=OK
[17:56:39.789] [TTC]  keyboard#333(f12) ahead: dist=119cm vel=-22.4cm/s TTC=5.3s tier=AWARE ego=OK
[17:56:39.988] [LATENCY] label=AWARE text="obstacle ahead, 1.4 meters" event_created=1779472596.658 enqueued=0.000s tts_start=0.001s play_start=0.028s play_end=3.330s queue_wait=0.001s synth=0.028s launch_wait=0.000s mode=clip_alert cache=hit cold_stream=yes silence_ms=220
[17:56:39.988] [VOICE] WARN: "Watch out, obstacle ahead, 1.4 meters"
[17:56:40.827] [VOICE_POLICY] person#334(f14) on your right: dist=217cm raw_vel=2.1cm/s eff_vel=0.0cm/s ttc=n/a score=4.6 tier=NONE reason=static_stationary_suppression user=still ego=OK
[17:56:41.262] [TTC]  keyboard#333(f17) ahead: dist=120cm vel=-18.5cm/s TTC=6.5s tier=AWARE ego=OK
[17:56:41.491] [TTC]  keyboard#333(f17) ahead: dist=117cm vel=-40.8cm/s TTC=2.9s tier=WARN ego=OK
[17:56:41.497] [TTC]  keyboard#333(f17) ahead: dist=107cm vel=-57.2cm/s TTC=1.9s tier=URGENT ego=OK
[17:56:41.696] [TTC]  keyboard#333(f17) ahead: dist=107cm vel=-59.3cm/s TTC=1.8s tier=URGENT ego=OK
[17:56:41.726] [TTC]  keyboard#333(f17) ahead: dist=102cm vel=-47.0cm/s TTC=2.2s tier=WARN ego=OK
[17:56:41.991] [VOICE] Dropped CLEAR (busy_audio_channel): "path clear"
[17:56:42.633] [VOICE_POLICY] person#334(f18) on your right: dist=135cm raw_vel=-67.5cm/s eff_vel=-67.5cm/s ttc=2.0s score=600.0 tier=AWARENESS reason=side_pass_awareness user=still ego=OK
[17:56:42.633] [TTC]  person#334(f18) on your right: dist=135cm vel=-67.5cm/s TTC=2.0s tier=URGENT ego=OK
[17:56:42.826] [TTC]  person#334(f18) on your right: dist=135cm vel=-147.2cm/s TTC=0.9s tier=URGENT ego=OK
[17:56:42.831] [TTC]  person#334(f18) on your right: dist=142cm vel=-178.9cm/s TTC=0.8s tier=URGENT ego=OK
[17:56:43.058] [TTC]  person#334(f18) on your right: dist=135cm vel=-144.9cm/s TTC=0.9s tier=URGENT ego=OK
[17:56:43.064] [TTC]  person#334(f18) on your right: dist=135cm vel=-72.4cm/s TTC=1.9s tier=URGENT ego=OK
[17:56:43.228] [LATENCY] label=WARN text="Watch out, obstacle ahead, 1.4 meters" event_created=1779472597.264 enqueued=0.000s tts_start=2.726s play_start=2.730s play_end=5.964s queue_wait=2.726s synth=0.004s launch_wait=0.000s mode=clip_alert cache=hit cold_stream=no silence_ms=0
[17:56:43.229] [VOICE] URGENT: "obstacle ahead, 1.1 meters"
[17:56:46.208] [LATENCY] label=URGENT text="obstacle ahead, 1.1 meters" event_created=1779472601.696 enqueued=0.000s tts_start=1.535s play_start=1.537s play_end=4.510s queue_wait=1.535s synth=0.002s launch_wait=0.000s mode=clip_alert cache=hit cold_stream=no silence_ms=0
[17:56:46.233] [VOICE] WARN: "Watch out, obstacle ahead, 1.1 meters"
[17:56:48.232] [VOICE] Dropped AWARE (busy_audio_channel): "obstacle on your left, 1.4 meters"
[17:56:48.233] [TTC]  keyboard#341(f3) on your left: dist=123cm vel=-24.0cm/s TTC=5.1s tier=AWARE ego=OK
[17:56:48.235] [VOICE_POLICY] keyboard#341(f3) on your left: dist=118cm raw_vel=-12.0cm/s eff_vel=-12.0cm/s ttc=9.8s score=130.7 tier=NONE reason=no_actionable_distance_or_ttc user=still ego=OK
[17:56:48.235] [TTC]  keyboard#341(f3) on your left: dist=118cm vel=-12.0cm/s TTC=9.8s tier=NONE ego=OK
[17:56:48.429] [VOICE_POLICY] keyboard#341(f3) on your left: dist=118cm raw_vel=-6.0cm/s eff_vel=0.0cm/s ttc=n/a score=10.7 tier=NONE reason=static_stationary_suppression user=still ego=OK
[17:56:48.832] [TTC]  keyboard#341(f4) on your left: dist=100cm vel=-11.9cm/s TTC=8.4s tier=NONE ego=OK
[17:56:49.030] [TTC]  keyboard#341(f4) on your left: dist=98cm vel=-32.8cm/s TTC=3.0s tier=WARN ego=OK
[17:56:49.034] [TTC]  keyboard#341(f4) on your left: dist=96cm vel=-37.1cm/s TTC=2.6s tier=WARN ego=OK
[17:56:49.231] [TTC]  keyboard#341(f4) on your left: dist=96cm vel=-30.4cm/s TTC=3.2s tier=WARN ego=OK
[17:56:49.235] [TTC]  keyboard#341(f4) on your left: dist=97cm vel=-11.3cm/s TTC=8.6s tier=NONE ego=OK
[17:56:49.368] [LATENCY] label=WARN text="Watch out, obstacle ahead, 1.1 meters" event_created=1779472601.723 enqueued=0.000s tts_start=4.512s play_start=4.516s play_end=7.645s queue_wait=4.512s synth=0.004s launch_wait=0.000s mode=clip_alert cache=hit cold_stream=no silence_ms=0
[17:56:49.410] [VOICE] WARN: "Watch out, obstacle on your left, 1.1 meters"
[17:56:49.631] [VOICE] Dropped CLEAR (busy_audio_channel): "keyboard stopped, 1.0 meters away"
[17:56:53.137] [LATENCY] label=WARN text="Watch out, obstacle on your left, 1.1 me" event_created=1779472609.231 enqueued=0.000s tts_start=0.181s play_start=0.207s play_end=3.905s queue_wait=0.181s synth=0.026s launch_wait=0.000s mode=clip_alert cache=hit cold_stream=no silence_ms=0
[17:56:55.498] [VOICE_POLICY] keyboard#348(f3) ahead: dist=131cm raw_vel=3.9cm/s eff_vel=0.0cm/s ttc=n/a score=6.3 tier=NONE reason=static_stationary_suppression user=still ego=OK
[17:56:56.137] [VOICE] AWARE: "obstacle ahead, 1.4 meters"
[17:56:56.138] [TTC]  keyboard#348(f5) ahead: dist=133cm vel=-18.9cm/s TTC=7.0s tier=AWARE ego=OK
[17:56:56.400] [TTC]  keyboard#348(f6) ahead: dist=131cm vel=-31.5cm/s TTC=4.2s tier=AWARE ego=OK
[17:56:56.403] [TTC]  keyboard#348(f6) on your left: dist=131cm vel=-27.6cm/s TTC=4.7s tier=AWARE ego=OK
[17:56:56.601] [VOICE_POLICY] keyboard#348(f7) on your left: dist=131cm raw_vel=-13.8cm/s eff_vel=-13.8cm/s ttc=9.5s score=158.8 tier=NONE reason=no_actionable_distance_or_ttc user=still ego=OK
[17:56:56.601] [TTC]  keyboard#348(f7) on your left: dist=131cm vel=-13.8cm/s TTC=9.5s tier=NONE ego=OK
[17:56:57.472] [VOICE_POLICY] keyboard#348(f12) on your left: dist=135cm raw_vel=-0.0cm/s eff_vel=0.0cm/s ttc=n/a score=5.0 tier=NONE reason=static_stationary_suppression user=still ego=OK
[17:56:58.904] [VOICE_POLICY] keyboard#348(f17) on your left: dist=150cm raw_vel=25.2cm/s eff_vel=25.2cm/s ttc=n/a score=1.0 tier=NONE reason=static_stationary_suppression user=still ego=OK
[17:56:59.439] [LATENCY] label=AWARE text="obstacle ahead, 1.4 meters" event_created=1779472616.138 enqueued=0.000s tts_start=0.001s play_start=0.030s play_end=3.301s queue_wait=0.001s synth=0.030s launch_wait=0.000s mode=clip_alert cache=hit cold_stream=yes silence_ms=220
[17:56:59.535] [VOICE_POLICY] keyboard#349(f3) ahead: dist=135cm raw_vel=-4.0cm/s eff_vel=0.0cm/s ttc=n/a score=5.5 tier=NONE reason=static_stationary_suppression user=still ego=OK
[17:57:03.140] [VOICE_POLICY] keyboard#351(f3) ahead: dist=137cm raw_vel=0.0cm/s eff_vel=0.0cm/s ttc=n/a score=4.8 tier=NONE reason=static_stationary_suppression user=still ego=OK
[17:57:05.143] [VOICE_POLICY] keyboard#351(f11) on your left: dist=126cm raw_vel=0.0cm/s eff_vel=0.0cm/s ttc=n/a score=8.8 tier=NONE reason=static_stationary_suppression user=still ego=OK
[17:57:06.410] [VOICE_POLICY] keyboard#352(f3) ahead: dist=136cm raw_vel=1.0cm/s eff_vel=0.0cm/s ttc=n/a score=4.7 tier=NONE reason=static_stationary_suppression user=still ego=OK
[17:57:07.476] [VOICE_POLICY] person#353(f4) on your right: dist=225cm raw_vel=0.1cm/s eff_vel=0.0cm/s ttc=n/a score=3.8 tier=NONE reason=static_stationary_suppression user=still ego=OK
[17:57:08.413] [VOICE_POLICY] keyboard#354(f3) ahead: dist=136cm raw_vel=0.0cm/s eff_vel=0.0cm/s ttc=n/a score=4.7 tier=NONE reason=static_stationary_suppression user=still ego=OK
[17:57:10.011] [VOICE_POLICY] keyboard#355(f3) ahead: dist=135cm raw_vel=0.0cm/s eff_vel=0.0cm/s ttc=n/a score=5.5 tier=NONE reason=static_stationary_suppression user=still ego=OK
[17:57:12.110] [VOICE_POLICY] keyboard#358(f3) on your left: dist=135cm raw_vel=0.0cm/s eff_vel=0.0cm/s ttc=n/a score=5.5 tier=NONE reason=static_stationary_suppression user=still ego=OK
[17:57:13.813] [VOICE_POLICY] person#359(f4) on your right: dist=224cm raw_vel=5.7cm/s eff_vel=0.0cm/s ttc=n/a score=3.8 tier=NONE reason=static_stationary_suppression user=still ego=OK
[17:57:15.479] [VOICE_POLICY] keyboard#361(f3) ahead: dist=141cm raw_vel=-4.4cm/s eff_vel=0.0cm/s ttc=n/a score=3.3 tier=NONE reason=static_stationary_suppression user=still ego=OK
[17:57:16.188] [VOICE_POLICY] keyboard#361(f7) ahead: dist=135cm raw_vel=-11.9cm/s eff_vel=-11.9cm/s ttc=11.3s score=136.6 tier=NONE reason=no_actionable_distance_or_ttc user=still ego=OK
[17:57:16.188] [TTC]  keyboard#361(f7) ahead: dist=135cm vel=-11.9cm/s TTC=11.3s tier=NONE ego=OK
[17:57:16.422] [VOICE] AWARE: "obstacle ahead, 1.4 meters"
[17:57:16.422] [TTC]  keyboard#361(f8) ahead: dist=135cm vel=-17.8cm/s TTC=7.6s tier=AWARE ego=OK
[17:57:17.619] [VOICE_POLICY] keyboard#361(f14) ahead: dist=133cm raw_vel=1.1cm/s eff_vel=0.0cm/s ttc=n/a score=6.2 tier=NONE reason=static_stationary_suppression user=still ego=OK
[17:57:18.183] [TTC]  keyboard#361(f15) ahead: dist=123cm vel=-10.6cm/s TTC=11.6s tier=NONE ego=OK
[17:57:18.391] [TTC]  keyboard#361(f15) ahead: dist=119cm vel=-22.2cm/s TTC=5.4s tier=AWARE ego=OK
[17:57:18.413] [TTC]  keyboard#361(f15) ahead: dist=112cm vel=-34.0cm/s TTC=3.3s tier=WARN ego=OK
[17:57:18.617] [TTC]  keyboard#361(f15) ahead: dist=112cm vel=-36.3cm/s TTC=3.1s tier=WARN ego=OK
[17:57:18.621] [TTC]  keyboard#361(f15) ahead: dist=111cm vel=-30.1cm/s TTC=3.7s tier=WARN ego=OK
[17:57:18.982] [VOICE_POLICY] person#364(f3) on your right: dist=230cm raw_vel=20.3cm/s eff_vel=20.3cm/s ttc=n/a score=0.7 tier=NONE reason=static_stationary_suppression user=still ego=OK
[17:57:19.722] [LATENCY] label=AWARE text="obstacle ahead, 1.4 meters" event_created=1779472636.422 enqueued=0.000s tts_start=0.001s play_start=0.025s play_end=3.299s queue_wait=0.001s synth=0.024s launch_wait=0.000s mode=clip_alert cache=hit cold_stream=yes silence_ms=220
[17:57:19.723] [VOICE] WARN: "Watch out, obstacle ahead, 1.1 meters"
[17:57:19.923] [VOICE_POLICY] person#366(f3) ahead: dist=233cm raw_vel=0.0cm/s eff_vel=0.0cm/s ttc=n/a score=3.4 tier=NONE reason=static_stationary_suppression user=still ego=OK
[17:57:21.317] [VOICE_POLICY] keyboard#367(f3) on your left: dist=133cm raw_vel=-0.0cm/s eff_vel=0.0cm/s ttc=n/a score=6.2 tier=NONE reason=static_stationary_suppression user=still ego=OK
[17:57:22.828] [LATENCY] label=WARN text="Watch out, obstacle ahead, 1.1 meters" event_created=1779472638.622 enqueued=0.000s tts_start=1.107s play_start=1.110s play_end=4.207s queue_wait=1.107s synth=0.003s launch_wait=0.000s mode=clip_alert cache=hit cold_stream=no silence_ms=0
[17:57:23.382] [VOICE_POLICY] keyboard#368(f3) on your left: dist=136cm raw_vel=1.8cm/s eff_vel=0.0cm/s ttc=n/a score=5.1 tier=NONE reason=static_stationary_suppression user=still ego=OK
[17:57:24.090] [VOICE_POLICY] keyboard#370(f3) on your left: dist=134cm raw_vel=-2.9cm/s eff_vel=0.0cm/s ttc=n/a score=5.9 tier=NONE reason=static_stationary_suppression user=still ego=OK
[17:57:24.322] [VOICE_POLICY] keyboard#368(f3) on your left: dist=152cm raw_vel=2.0cm/s eff_vel=0.0cm/s ttc=n/a score=5.4 tier=NONE reason=static_stationary_suppression user=still ego=OK
[17:57:24.326] [VOICE_POLICY] keyboard#370(f4) on your left: dist=151cm raw_vel=21.7cm/s eff_vel=21.7cm/s ttc=n/a score=1.0 tier=NONE reason=static_stationary_suppression user=still ego=OK
[17:57:24.725] [TTC]  keyboard#370(f6) on your left: dist=133cm vel=-22.3cm/s TTC=6.0s tier=AWARE ego=OK
[17:57:24.952] [TTC]  keyboard#370(f7) on your left: dist=135cm vel=-21.4cm/s TTC=6.3s tier=AWARE ego=OK
[17:57:24.956] [VOICE_POLICY] keyboard#370(f7) on your left: dist=140cm raw_vel=-12.3cm/s eff_vel=-12.3cm/s ttc=11.3s score=139.5 tier=NONE reason=no_actionable_distance_or_ttc user=still ego=OK
[17:57:24.956] [TTC]  keyboard#370(f7) on your left: dist=140cm vel=-12.3cm/s TTC=11.3s tier=NONE ego=OK
[17:57:25.324] [TTC]  keyboard#370(f9) on your left: dist=128cm vel=-13.3cm/s TTC=9.6s tier=NONE ego=OK
[17:57:25.824] [TTC]  person#371(f4) ahead: dist=228cm vel=-30.0cm/s TTC=7.6s tier=AWARE ego=OK
[17:57:26.021] [TTC]  person#371(f5) ahead: dist=233cm vel=-37.5cm/s TTC=6.2s tier=AWARE ego=OK
[17:57:26.026] [TTC]  keyboard#370(f11) on your left: dist=123cm vel=-27.0cm/s TTC=4.6s tier=AWARE ego=OK
[17:57:26.258] [VOICE_POLICY] keyboard#370(f12) on your left: dist=128cm raw_vel=-6.2cm/s eff_vel=0.0cm/s ttc=n/a score=7.3 tier=NONE reason=static_stationary_suppression user=still ego=OK
[17:57:26.960] [TTC]  keyboard#370(f14) on your left: dist=124cm vel=-14.3cm/s TTC=8.7s tier=NONE ego=OK
[17:57:26.962] [VOICE_POLICY] keyboard#370(f14) on your left: dist=126cm raw_vel=-10.6cm/s eff_vel=-10.6cm/s ttc=11.9s score=124.9 tier=NONE reason=no_actionable_distance_or_ttc user=still ego=OK
[17:57:26.962] [TTC]  keyboard#370(f14) on your left: dist=126cm vel=-10.6cm/s TTC=11.9s tier=NONE ego=OK
[17:57:28.489] [VOICE] WARN: "Watch out, obstacle on your left, 1.4 meters"
[17:57:28.490] [TTC]  keyboard#370(f20) on your left: dist=121cm vel=-36.8cm/s TTC=3.3s tier=WARN ego=OK
[17:57:28.793] [TTC]  keyboard#370(f21) on your left: dist=129cm vel=-37.1cm/s TTC=3.5s tier=WARN ego=OK
[17:57:29.056] [VOICE] Dropped CLEAR (busy_audio_channel): "keyboard stopped, 1.3 meters away"
[17:57:29.260] [VOICE] Dropped AWARE (busy_audio_channel): "obstacle on your left, 1.1 meters"
[17:57:29.260] [TTC]  keyboard#370(f22) on your left: dist=117cm vel=-22.8cm/s TTC=5.1s tier=AWARE ego=OK
[17:57:29.262] [TTC]  keyboard#370(f22) on your left: dist=100cm vel=-42.7cm/s TTC=2.3s tier=WARN ego=OK
[17:57:29.490] [TTC]  keyboard#370(f22) on your left: dist=102cm vel=-49.1cm/s TTC=2.1s tier=WARN ego=OK
[17:57:29.493] [TTC]  keyboard#370(f22) on your left: dist=102cm vel=-30.6cm/s TTC=3.3s tier=WARN ego=OK
[17:57:29.689] [VOICE] Dropped AWARE (busy_audio_channel): "obstacle on your left, 1.1 meters"
[17:57:29.693] [TTC]  keyboard#370(f22) on your left: dist=101cm vel=-19.2cm/s TTC=5.3s tier=AWARE ego=OK
[17:57:29.695] [VOICE_POLICY] keyboard#370(f22) on your left: dist=102cm raw_vel=-1.2cm/s eff_vel=0.0cm/s ttc=n/a score=17.6 tier=NONE reason=static_stationary_suppression user=still ego=OK
[17:57:30.728] [VOICE_POLICY] keyboard#373(f3) on your left: dist=131cm raw_vel=-7.6cm/s eff_vel=0.0cm/s ttc=n/a score=6.3 tier=NONE reason=static_stationary_suppression user=still ego=OK
[17:57:30.732] [VOICE_POLICY] keyboard#373(f3) on your left: dist=133cm raw_vel=-11.3cm/s eff_vel=-11.3cm/s ttc=11.7s score=119.1 tier=NONE reason=no_actionable_distance_or_ttc user=still ego=OK
[17:57:30.732] [TTC]  keyboard#373(f3) on your left: dist=133cm vel=-11.3cm/s TTC=11.7s tier=NONE ego=OK
[17:57:31.696] [VOICE] Dropped AWARE (busy_audio_channel): "obstacle on your left, 1.4 meters"
[17:57:31.696] [TTC]  keyboard#373(f5) on your left: dist=125cm vel=-16.7cm/s TTC=7.5s tier=AWARE ego=OK
[17:57:31.921] [VOICE] Dropped AWARE (busy_audio_channel): "obstacle on your left, 1.4 meters"
[17:57:31.922] [TTC]  keyboard#373(f6) on your left: dist=128cm vel=-18.0cm/s TTC=7.1s tier=AWARE ego=OK
[17:57:32.163] [LATENCY] label=WARN text="Watch out, obstacle on your left, 1.4 me" event_created=1779472648.490 enqueued=0.000s tts_start=0.001s play_start=0.045s play_end=3.673s queue_wait=0.001s synth=0.045s launch_wait=0.000s mode=clip_alert cache=hit cold_stream=yes silence_ms=220
[17:57:32.164] [VOICE] WARN: "Watch out, obstacle on your left, 1.1 meters"
[17:57:32.699] [VOICE_POLICY] keyboard#373(f9) on your left: dist=130cm raw_vel=-0.1cm/s eff_vel=0.0cm/s ttc=n/a score=7.3 tier=NONE reason=static_stationary_suppression user=still ego=OK
[17:57:33.096] [VOICE_POLICY] keyboard#374(f3) on your left: dist=133cm raw_vel=0.0cm/s eff_vel=0.0cm/s ttc=n/a score=5.7 tier=NONE reason=static_stationary_suppression user=still ego=OK
[17:57:35.897] [LATENCY] label=WARN text="Watch out, obstacle on your left, 1.1 me" event_created=1779472649.493 enqueued=0.000s tts_start=2.673s play_start=2.706s play_end=6.403s queue_wait=2.673s synth=0.033s launch_wait=0.000s mode=clip_alert cache=hit cold_stream=no silence_ms=0
[17:57:36.430] [VOICE_POLICY] keyboard#375(f3) on your left: dist=129cm raw_vel=0.0cm/s eff_vel=0.0cm/s ttc=n/a score=7.0 tier=NONE reason=static_stationary_suppression user=still ego=OK
[17:57:37.667] [VOICE_POLICY] keyboard#375(f4) on your left: dist=119cm raw_vel=-0.0cm/s eff_vel=0.0cm/s ttc=n/a score=10.3 tier=NONE reason=static_stationary_suppression user=still ego=OK
[17:57:39.567] [VOICE_POLICY] keyboard#376(f3) on your left: dist=131cm raw_vel=0.0cm/s eff_vel=0.0cm/s ttc=n/a score=6.3 tier=NONE reason=static_stationary_suppression user=still ego=OK
[17:57:40.971] [VOICE_POLICY] keyboard#376(f7) on your left: dist=150cm raw_vel=22.4cm/s eff_vel=22.4cm/s ttc=n/a score=1.0 tier=NONE reason=static_stationary_suppression user=still ego=OK
[17:57:41.466] [VOICE_POLICY] keyboard#377(f3) on your left: dist=136cm raw_vel=0.0cm/s eff_vel=0.0cm/s ttc=n/a score=4.7 tier=NONE reason=static_stationary_suppression user=still ego=BAD
[17:57:43.136] [VOICE_POLICY] keyboard#377(f13) on your left: dist=152cm raw_vel=34.3cm/s eff_vel=34.3cm/s ttc=n/a score=1.1 tier=NONE reason=static_stationary_suppression user=still ego=OK
[17:57:43.499] [VOICE_POLICY] keyboard#377(f14) on your left: dist=131cm raw_vel=18.5cm/s eff_vel=18.5cm/s ttc=n/a score=1.4 tier=NONE reason=static_stationary_suppression user=still ego=OK
[17:57:43.502] [VOICE] AWARE: "obstacle on your left, 1.4 meters"
[17:57:43.502] [TTC]  keyboard#377(f14) on your left: dist=126cm vel=-25.3cm/s TTC=5.0s tier=AWARE ego=OK
[17:57:43.902] [TTC]  keyboard#377(f14) on your left: dist=126cm vel=-24.1cm/s TTC=5.2s tier=AWARE ego=OK
[17:57:43.904] [VOICE_POLICY] keyboard#377(f14) on your left: dist=121cm raw_vel=-14.9cm/s eff_vel=-14.9cm/s ttc=8.1s score=174.9 tier=NONE reason=no_actionable_distance_or_ttc user=still ego=OK
[17:57:43.904] [TTC]  keyboard#377(f14) on your left: dist=121cm vel=-14.9cm/s TTC=8.1s tier=NONE ego=OK
[17:57:44.102] [TTC]  keyboard#377(f14) on your left: dist=122cm vel=-16.9cm/s TTC=7.2s tier=AWARE ego=OK
[17:57:44.105] [TTC]  keyboard#377(f14) on your left: dist=112cm vel=-23.6cm/s TTC=4.7s tier=AWARE ego=OK
[17:57:44.333] [TTC]  keyboard#377(f14) on your left: dist=112cm vel=-33.2cm/s TTC=3.4s tier=WARN ego=OK
[17:57:44.336] [TTC]  keyboard#377(f14) on your left: dist=119cm vel=-19.5cm/s TTC=6.1s tier=AWARE ego=OK
[17:57:46.833] [LATENCY] label=AWARE text="obstacle on your left, 1.4 meters" event_created=1779472663.502 enqueued=0.000s tts_start=0.001s play_start=0.029s play_end=3.331s queue_wait=0.001s synth=0.028s launch_wait=0.000s mode=clip_alert cache=hit cold_stream=yes silence_ms=220
[17:57:46.833] [VOICE] WARN: "Watch out, obstacle on your left, 1.1 meters"
[17:57:50.541] [LATENCY] label=WARN text="Watch out, obstacle on your left, 1.1 me" event_created=1779472664.334 enqueued=0.000s tts_start=2.501s play_start=2.503s play_end=6.187s queue_wait=2.501s synth=0.002s launch_wait=0.000s mode=clip_alert cache=hit cold_stream=no silence_ms=0
[17:57:51.537] [VOICE] WARN: "obstacle ahead, 0.5 meters"
[17:57:51.541] [VOICE_POLICY] toilet#379(f3) ahead: dist=105cm raw_vel=81.0cm/s eff_vel=81.0cm/s ttc=n/a score=3.0 tier=NONE reason=static_stationary_suppression user=still ego=OK
[17:57:52.174] [TTC]  toilet#379(f3) ahead: dist=30cm vel=-120.5cm/s TTC=0.2s tier=URGENT ego=OK
[17:57:52.176] [TTC]  toilet#379(f3) ahead: dist=45cm vel=-190.8cm/s TTC=0.2s tier=URGENT ego=OK
[17:57:52.375] [TTC]  toilet#379(f3) ahead: dist=45cm vel=-160.1cm/s TTC=0.3s tier=URGENT ego=OK
[17:57:52.378] [TTC]  toilet#379(f3) ahead: dist=30cm vel=-80.0cm/s TTC=0.4s tier=URGENT ego=OK
[17:57:54.341] [VOICE_POLICY] toilet#380(f3) ahead: dist=112cm raw_vel=78.5cm/s eff_vel=78.5cm/s ttc=n/a score=2.5 tier=NONE reason=static_stationary_suppression user=still ego=OK
[17:57:54.908] [LATENCY] label=WARN text="obstacle ahead, 0.5 meters" event_created=1779472671.538 enqueued=0.000s tts_start=0.001s play_start=0.008s play_end=3.370s queue_wait=0.001s synth=0.007s launch_wait=0.000s mode=clip_alert cache=hit cold_stream=no silence_ms=0
[17:57:54.908] [VOICE] URGENT: "obstacle ahead, 0.5 meters"
[17:57:55.244] [TTC]  toilet#380(f4) ahead: dist=31cm vel=-51.6cm/s TTC=0.6s tier=URGENT ego=OK
[17:57:55.475] [TTC]  toilet#380(f4) ahead: dist=31cm vel=-98.8cm/s TTC=0.3s tier=URGENT ego=OK
[17:57:55.478] [TTC]  toilet#380(f4) ahead: dist=45cm vel=-117.2cm/s TTC=0.4s tier=URGENT ego=OK
[17:57:58.145] [LATENCY] label=URGENT text="obstacle ahead, 0.5 meters" event_created=1779472672.378 enqueued=0.000s tts_start=2.532s play_start=2.533s play_end=5.768s queue_wait=2.532s synth=0.001s launch_wait=0.000s mode=clip_alert cache=hit cold_stream=no silence_ms=0
[17:57:58.146] [VOICE] WARN: "obstacle ahead, 0.5 meters"
[17:58:01.414] [LATENCY] label=WARN text="obstacle ahead, 0.5 meters" event_created=1779472675.478 enqueued=0.000s tts_start=2.669s play_start=2.671s play_end=5.936s queue_wait=2.669s synth=0.002s launch_wait=0.000s mode=clip_alert cache=hit cold_stream=no silence_ms=0
[17:58:46.443] [VOICE] URGENT: "person on your right, 0.2 meters"
[17:58:47.279] [VOICE] Dropped CLEAR (busy_audio_channel): "person moved away"
[17:58:47.279] [VOICE] Dropped AWARE (busy_audio_channel): "person on your right, 1.4 meters"
[17:58:47.279] [VOICE_POLICY] person#384(f6) on your right: dist=126cm raw_vel=98.3cm/s eff_vel=98.3cm/s ttc=n/a score=2.4 tier=AWARENESS reason=side_pass_awareness user=still ego=OK
[17:58:47.477] [VOICE] Dropped AWARE (busy_audio_channel): "person on your right, 1.4 meters"
[17:58:47.480] [VOICE] Dropped AWARE (busy_audio_channel): "person on your right, 1.4 meters"
[17:58:47.677] [VOICE] Dropped AWARE (busy_audio_channel): "person on your right, 1.4 meters"
[17:58:47.680] [VOICE] Dropped AWARE (busy_audio_channel): "person on your right, 1.4 meters"
[17:58:47.877] [VOICE] Dropped AWARE (busy_audio_channel): "person on your right, 1.4 meters"
[17:58:47.880] [VOICE] Dropped AWARE (busy_audio_channel): "person on your right, 1.4 meters"
[17:58:48.076] [VOICE] Dropped AWARE (busy_audio_channel): "person on your right, 1.4 meters"
[17:58:49.769] [LATENCY] label=URGENT text="person on your right, 0.2 meters" event_created=1779472726.444 enqueued=0.000s tts_start=0.001s play_start=0.036s play_end=3.326s queue_wait=0.001s synth=0.035s launch_wait=0.000s mode=clip_alert cache=hit cold_stream=yes silence_ms=220
[17:58:49.787] [VOICE] Expired (3.3s old, TTL=3.0s): "person on your right, 0.5 meters"
[17:58:49.852] [VOICE] CLEAR: "path clear"
[17:58:51.151] [LATENCY] label=CLEAR text="path clear" event_created=1779472729.852 enqueued=0.000s tts_start=0.002s play_start=0.030s play_end=1.299s queue_wait=0.002s synth=0.028s launch_wait=0.000s mode=clip_alert cache=hit cold_stream=no silence_ms=0
[17:58:51.746] [VOICE] AWARE: "person on your right, 1.4 meters"
[17:58:51.746] [VOICE_POLICY] person#389(f3) on your right: dist=125cm raw_vel=0.0cm/s eff_vel=0.0cm/s ttc=n/a score=12.5 tier=AWARENESS reason=side_pass_awareness user=still ego=OK
[17:58:54.755] [LATENCY] label=AWARE text="person on your right, 1.4 meters" event_created=1779472731.746 enqueued=0.000s tts_start=0.001s play_start=0.004s play_end=3.009s queue_wait=0.001s synth=0.003s launch_wait=0.000s mode=clip_alert cache=hit cold_stream=no silence_ms=0
[17:59:04.088] [VOICE] URGENT: "person on your left approaching, 0.2 meters"
[17:59:04.088] [TTC]  person#395(f4) on your left: dist=16cm vel=-117.7cm/s TTC=0.1s tier=URGENT ego=OK
[17:59:04.350] [VOICE] Dropped AWARE (busy_audio_channel): "person on your left, 1.4 meters"
[17:59:04.350] [VOICE_POLICY] person#395(f5) on your left: dist=147cm raw_vel=-54.1cm/s eff_vel=-54.1cm/s ttc=2.7s score=600.0 tier=AWARENESS reason=side_pass_awareness user=still ego=OK
[17:59:04.350] [TTC]  person#395(f5) on your left: dist=147cm vel=-54.1cm/s TTC=2.7s tier=WARN ego=OK
[17:59:04.722] [VOICE_POLICY] person#395(f5) on your left: dist=163cm raw_vel=112.6cm/s eff_vel=112.6cm/s ttc=n/a score=1.4 tier=NONE reason=static_stationary_suppression user=still ego=OK
[17:59:05.189] [VOICE] Dropped AWARE (busy_audio_channel): "person on your left, 1.4 meters"
[17:59:05.189] [TTC]  person#395(f6) on your left: dist=142cm vel=-24.6cm/s TTC=5.8s tier=AWARE ego=OK
[17:59:05.621] [TTC]  person#397(f3) ahead: dist=26cm vel=-245.2cm/s TTC=0.1s tier=URGENT ego=BAD
[17:59:05.625] [TTC]  person#397(f3) ahead: dist=107cm vel=-109.7cm/s TTC=1.0s tier=URGENT ego=BAD
[17:59:05.786] [VOICE_POLICY] person#397(f4) ahead: dist=105cm raw_vel=111.0cm/s eff_vel=111.0cm/s ttc=n/a score=5.0 tier=NONE reason=static_stationary_suppression user=still ego=BAD
[17:59:05.955] [TTC]  person#397(f5) ahead: dist=93cm vel=-44.2cm/s TTC=2.1s tier=WARN ego=BAD
[17:59:06.124] [TTC]  person#395(f6) on your left: dist=19cm vel=-140.9cm/s TTC=0.1s tier=URGENT ego=BAD
[17:59:06.128] [TTC]  person#395(f6) on your left: dist=43cm vel=-273.9cm/s TTC=0.2s tier=URGENT ego=BAD
[17:59:06.296] [VOICE_POLICY] person#397(f6) ahead: dist=128cm raw_vel=155.5cm/s eff_vel=155.5cm/s ttc=n/a score=2.4 tier=NONE reason=static_stationary_suppression user=still ego=OK
[17:59:06.665] [TTC]  person#397(f7) ahead: dist=17cm vel=-130.2cm/s TTC=0.1s tier=URGENT ego=OK
[17:59:06.858] [TTC]  person#397(f8) ahead: dist=131cm vel=-80.0cm/s TTC=1.6s tier=URGENT ego=OK
[17:59:07.221] [TTC]  person#397(f8) ahead: dist=19cm vel=-69.9cm/s TTC=0.3s tier=URGENT ego=OK
[17:59:07.391] [TTC]  person#397(f9) ahead: dist=16cm vel=-242.3cm/s TTC=0.1s tier=URGENT ego=OK
[17:59:07.396] [TTC]  person#397(f9) ahead: dist=133cm vel=-121.1cm/s TTC=1.1s tier=URGENT ego=OK
[17:59:07.556] [TTC]  person#397(f10) ahead: dist=134cm vel=-60.6cm/s TTC=2.2s tier=WARN ego=OK
[17:59:07.558] [VOICE] Dropped CLEAR (busy_audio_channel): "person moved away"
[17:59:07.690] [LATENCY] label=URGENT text="person on your left approaching, 0.2 met" event_created=1779472744.088 enqueued=0.000s tts_start=0.001s play_start=0.041s play_end=3.602s queue_wait=0.001s synth=0.040s launch_wait=0.000s mode=clip_alert cache=hit cold_stream=yes silence_ms=220
[17:59:07.690] [VOICE] URGENT: "Stop! person ahead, 1.4 meters"
[17:59:08.195] [TTC]  person#397(f13) on your left: dist=16cm vel=-110.5cm/s TTC=0.1s tier=URGENT ego=OK
[17:59:08.391] [TTC]  person#397(f14) on your left: dist=17cm vel=-274.2cm/s TTC=0.1s tier=URGENT ego=OK
[17:59:08.394] [VOICE] Dropped AWARE (busy_audio_channel): "person on your left, 1.4 meters"
[17:59:08.394] [VOICE_POLICY] person#397(f14) on your left: dist=149cm raw_vel=-183.5cm/s eff_vel=-183.5cm/s ttc=0.8s score=600.0 tier=AWARENESS reason=side_pass_awareness user=still ego=OK
[17:59:08.394] [TTC]  person#397(f14) on your left: dist=149cm vel=-183.5cm/s TTC=0.8s tier=URGENT ego=OK
[17:59:08.559] [VOICE] Dropped AWARE (busy_audio_channel): "person on your left, 1.4 meters"
[17:59:08.559] [TTC]  person#397(f14) on your left: dist=149cm vel=-91.8cm/s TTC=1.6s tier=URGENT ego=OK
[17:59:09.230] [VOICE] Dropped AWARE (busy_audio_channel): "person on your left, 1.4 meters"
[17:59:09.691] [VOICE] Dropped AWARE (busy_audio_channel): "person on your left, 1.4 meters"
[17:59:09.692] [VOICE_POLICY] person#402(f3) on your left: dist=129cm raw_vel=3.7cm/s eff_vel=0.0cm/s ttc=n/a score=11.6 tier=AWARENESS reason=side_pass_awareness user=still ego=OK
[17:59:09.697] [TTC]  person#402(f3) ahead: dist=19cm vel=-131.7cm/s TTC=0.1s tier=URGENT ego=OK
[17:59:09.864] [TTC]  person#402(f4) ahead: dist=22cm vel=-260.6cm/s TTC=0.1s tier=URGENT ego=OK
[17:59:09.868] [TTC]  person#402(f4) ahead: dist=130cm vel=-127.9cm/s TTC=1.0s tier=URGENT ego=OK
[17:59:10.055] [TTC]  person#402(f5) ahead: dist=135cm vel=-61.5cm/s TTC=2.2s tier=WARN ego=OK
[17:59:10.058] [VOICE_POLICY] person#402(f5) ahead: dist=137cm raw_vel=153.1cm/s eff_vel=153.1cm/s ttc=n/a score=1.3 tier=NONE reason=static_stationary_suppression user=still ego=OK
[17:59:10.766] [LATENCY] label=URGENT text="Stop! person ahead, 1.4 meters" event_created=1779472747.396 enqueued=0.000s tts_start=0.295s play_start=0.302s play_end=3.369s queue_wait=0.295s synth=0.007s launch_wait=0.000s mode=clip_alert cache=hit cold_stream=no silence_ms=0
[17:59:10.766] [VOICE] URGENT: "Stop! person ahead, 1.4 meters"
[17:59:13.871] [LATENCY] label=URGENT text="Stop! person ahead, 1.4 meters" event_created=1779472749.869 enqueued=0.000s tts_start=0.899s play_start=0.902s play_end=4.003s queue_wait=0.899s synth=0.003s launch_wait=0.000s mode=clip_alert cache=hit cold_stream=no silence_ms=0
[17:59:13.900] [VOICE] WARN: "Watch out, person ahead, 1.4 meters"
[17:59:14.896] [TTC]  person#406(f3) on your left: dist=19cm vel=-19.4cm/s TTC=1.0s tier=URGENT ego=OK
[17:59:14.900] [TTC]  person#406(f3) on your left: dist=16cm vel=-7.3cm/s TTC=2.2s tier=WARN ego=OK
[17:59:15.093] [TTC]  person#407(f3) ahead: dist=16cm vel=-136.5cm/s TTC=0.1s tier=URGENT ego=OK
[17:59:15.097] [TTC]  person#407(f3) ahead: dist=135cm vel=-89.2cm/s TTC=1.5s tier=URGENT ego=OK
[17:59:15.263] [VOICE] Dropped AWARE (busy_audio_channel): "person on your left, 1.4 meters"
[17:59:15.263] [VOICE_POLICY] person#406(f3) on your left: dist=131cm raw_vel=240.6cm/s eff_vel=240.6cm/s ttc=n/a score=2.1 tier=AWARENESS reason=side_pass_awareness user=still ego=OK
[17:59:15.268] [VOICE] Dropped AWARE (busy_audio_channel): "person on your left, 1.4 meters"
[17:59:15.463] [VOICE] Dropped AWARE (busy_audio_channel): "person on your left, 1.4 meters"
[17:59:15.468] [VOICE] Dropped AWARE (busy_audio_channel): "person on your left, 1.4 meters"
[17:59:15.662] [VOICE] Dropped AWARE (busy_audio_channel): "person on your left, 1.4 meters"
[17:59:15.667] [VOICE] Dropped AWARE (busy_audio_channel): "person on your left, 1.4 meters"
[17:59:15.863] [VOICE] Dropped AWARE (busy_audio_channel): "person on your left, 1.4 meters"
[17:59:16.931] [VOICE] Dropped AWARE (busy_audio_channel): "person on your left, 1.4 meters"
[17:59:16.931] [VOICE_POLICY] person#407(f6) on your left: dist=149cm raw_vel=-0.8cm/s eff_vel=0.0cm/s ttc=n/a score=0.5 tier=AWARENESS reason=side_pass_awareness user=still ego=OK
[17:59:16.934] [VOICE] Dropped AWARE (busy_audio_channel): "person on your left, 1.7 meters"
[17:59:16.934] [VOICE_POLICY] person#407(f6) on your left: dist=150cm raw_vel=-0.4cm/s eff_vel=0.0cm/s ttc=n/a score=7.5 tier=AWARENESS reason=side_pass_awareness user=still ego=OK
[17:59:17.473] [LATENCY] label=WARN text="Watch out, person ahead, 1.4 meters" event_created=1779472750.056 enqueued=0.000s tts_start=3.847s play_start=3.854s play_end=7.417s queue_wait=3.847s synth=0.007s launch_wait=0.000s mode=clip_alert cache=hit cold_stream=no silence_ms=0
[17:59:17.473] [VOICE] URGENT: "Stop! person ahead, 1.4 meters"
[17:59:20.570] [LATENCY] label=URGENT text="Stop! person ahead, 1.4 meters" event_created=1779472755.098 enqueued=0.000s tts_start=2.377s play_start=2.379s play_end=5.473s queue_wait=2.377s synth=0.002s launch_wait=0.000s mode=clip_alert cache=hit cold_stream=no silence_ms=0
[17:59:49.692] [VOICE] WARN: "obstacle on your left, 0.8 meters"
[17:59:49.693] [TTC]  laptop#414(f3) on your left: dist=66cm vel=-11.5cm/s TTC=5.7s tier=AWARE ego=BAD
[17:59:49.988] [TTC]  laptop#414(f4) on your left: dist=67cm vel=-5.8cm/s TTC=11.6s tier=NONE ego=BAD
[17:59:50.194] [VOICE_POLICY] person#413(f4) on your right: dist=75cm raw_vel=2.7cm/s eff_vel=0.0cm/s ttc=n/a score=37.5 tier=WARNING reason=side_pass_warning user=still ego=BAD
[17:59:50.394] [TTC]  person#413(f5) on your right: dist=78cm vel=-83.3cm/s TTC=0.9s tier=URGENT ego=OK
[17:59:50.588] [TTC]  person#413(f6) on your right: dist=80cm vel=-90.4cm/s TTC=0.9s tier=URGENT ego=OK
[17:59:50.594] [TTC]  person#413(f6) on your right: dist=77cm vel=-45.2cm/s TTC=1.7s tier=URGENT ego=OK
[17:59:50.787] [TTC]  person#413(f7) on your right: dist=82cm vel=-22.6cm/s TTC=3.6s tier=WARN ego=OK
[17:59:50.793] [TTC]  person#413(f7) on your right: dist=79cm vel=-13.8cm/s TTC=5.7s tier=AWARE ego=OK
[17:59:50.955] [TTC]  person#413(f8) on your right: dist=79cm vel=-9.4cm/s TTC=8.4s tier=NONE ego=OK
[17:59:50.962] [TTC]  person#413(f8) on your right: dist=78cm vel=-9.6cm/s TTC=8.2s tier=NONE ego=OK
[17:59:51.156] [TTC]  person#413(f8) on your right: dist=78cm vel=-9.6cm/s TTC=8.1s tier=NONE ego=OK
[17:59:51.162] [TTC]  person#413(f8) on your right: dist=78cm vel=-9.7cm/s TTC=8.1s tier=NONE ego=OK
[17:59:51.357] [TTC]  person#413(f9) on your right: dist=81cm vel=-9.7cm/s TTC=8.4s tier=NONE ego=OK
[17:59:51.362] [TTC]  person#413(f9) on your right: dist=81cm vel=-8.0cm/s TTC=10.1s tier=NONE ego=OK
[17:59:51.556] [TTC]  person#413(f10) on your right: dist=80cm vel=-7.1cm/s TTC=11.2s tier=NONE ego=OK
[17:59:51.560] [VOICE] Dropped CLEAR (busy_audio_channel): "person stopped, 0.8 meters away"
[17:59:51.561] [VOICE_POLICY] laptop#415(f7) ahead: dist=71cm raw_vel=-6.0cm/s eff_vel=-6.0cm/s ttc=11.8s score=95.3 tier=NONE reason=no_actionable_distance_or_ttc user=still ego=OK
[17:59:51.561] [TTC]  laptop#415(f7) ahead: dist=71cm vel=-6.0cm/s TTC=11.8s tier=NONE ego=OK
[17:59:53.194] [VOICE] Dropped CLEAR (busy_audio_channel): "path clear"
[17:59:53.194] [VOICE_POLICY] laptop#415(f16) ahead: dist=125cm raw_vel=117.5cm/s eff_vel=117.5cm/s ttc=n/a score=1.8 tier=NONE reason=static_stationary_suppression user=still ego=OK
[17:59:53.330] [LATENCY] label=WARN text="obstacle on your left, 0.8 meters" event_created=1779472789.693 enqueued=0.000s tts_start=0.001s play_start=0.007s play_end=3.638s queue_wait=0.001s synth=0.007s launch_wait=0.000s mode=clip_alert cache=hit cold_stream=yes silence_ms=220
[17:59:53.332] [VOICE] URGENT: "Watch out, person on your right, 0.8 meters"
[17:59:53.531] [VOICE_POLICY] laptop#415(f16) ahead: dist=117cm raw_vel=119.5cm/s eff_vel=119.5cm/s ttc=n/a score=2.4 tier=NONE reason=static_stationary_suppression user=still ego=OK
[17:59:53.763] [TTC]  laptop#415(f16) ahead: dist=64cm vel=-23.9cm/s TTC=2.7s tier=WARN ego=OK
[17:59:53.959] [TTC]  laptop#415(f17) ahead: dist=65cm vel=-64.0cm/s TTC=1.0s tier=URGENT ego=OK
[17:59:53.963] [TTC]  laptop#415(f17) ahead: dist=68cm vel=-83.1cm/s TTC=0.8s tier=URGENT ego=OK
[17:59:54.157] [TTC]  laptop#415(f18) ahead: dist=69cm vel=-63.4cm/s TTC=1.1s tier=URGENT ego=OK
[17:59:54.162] [TTC]  laptop#415(f18) ahead: dist=73cm vel=-21.7cm/s TTC=3.4s tier=WARN ego=OK
[17:59:54.357] [VOICE] Dropped AWARE (busy_audio_channel): "obstacle ahead, 0.8 meters"
[17:59:54.357] [TTC]  laptop#415(f19) ahead: dist=72cm vel=-10.8cm/s TTC=6.6s tier=AWARE ego=OK
[17:59:54.361] [VOICE] Dropped AWARE (busy_audio_channel): "obstacle ahead, 0.8 meters"
[17:59:54.362] [TTC]  laptop#415(f19) ahead: dist=74cm vel=-12.8cm/s TTC=5.8s tier=AWARE ego=OK
[17:59:54.558] [VOICE_POLICY] person#417(f4) on your right: dist=79cm raw_vel=-11.1cm/s eff_vel=-11.1cm/s ttc=7.1s score=202.0 tier=WARNING reason=side_pass_warning user=still ego=OK
[17:59:54.559] [TTC]  person#417(f4) on your right: dist=79cm vel=-11.1cm/s TTC=7.1s tier=AWARE ego=OK
[17:59:54.563] [TTC]  person#417(f4) on your right: dist=80cm vel=-13.0cm/s TTC=6.2s tier=AWARE ego=OK
[17:59:54.758] [TTC]  person#417(f5) on your right: dist=80cm vel=-13.9cm/s TTC=5.8s tier=AWARE ego=OK
[17:59:54.762] [TTC]  person#417(f5) on your right: dist=80cm vel=-14.4cm/s TTC=5.6s tier=AWARE ego=OK
[17:59:54.958] [TTC]  person#417(f6) on your right: dist=81cm vel=-14.6cm/s TTC=5.5s tier=AWARE ego=OK
[17:59:54.962] [TTC]  person#417(f6) on your right: dist=81cm vel=-7.3cm/s TTC=11.1s tier=NONE ego=OK
[17:59:55.159] [VOICE] Dropped CLEAR (busy_audio_channel): "laptop stopped, 0.7 meters away"
[17:59:56.293] [VOICE_POLICY] laptop#418(f3) ahead: dist=73cm raw_vel=6.1cm/s eff_vel=6.1cm/s ttc=n/a score=5.6 tier=NONE reason=static_stationary_suppression user=still ego=BAD
[17:59:57.058] [LATENCY] label=URGENT text="Watch out, person on your right, 0.8 met" event_created=1779472792.064 enqueued=0.000s tts_start=1.270s play_start=1.294s play_end=4.994s queue_wait=1.270s synth=0.024s launch_wait=0.000s mode=clip_alert cache=hit cold_stream=no silence_ms=0
[17:59:57.059] [VOICE] URGENT: "Watch out, person on your right, 0.8 meters"
[17:59:58.262] [VOICE_POLICY] laptop#418(f13) on your left: dist=73cm raw_vel=0.0cm/s eff_vel=0.0cm/s ttc=n/a score=28.2 tier=NONE reason=static_stationary_suppression user=still ego=OK
[18:00:00.595] [VOICE_POLICY] laptop#421(f3) ahead: dist=75cm raw_vel=0.0cm/s eff_vel=0.0cm/s ttc=n/a score=27.5 tier=NONE reason=static_stationary_suppression user=still ego=BAD
[18:00:00.764] [LATENCY] label=URGENT text="Watch out, person on your right, 0.8 met" event_created=1779472796.101 enqueued=0.000s tts_start=0.959s play_start=0.961s play_end=4.661s queue_wait=0.959s synth=0.002s launch_wait=0.000s mode=clip_alert cache=hit cold_stream=no silence_ms=0
[18:00:01.935] [VOICE_POLICY] laptop#421(f11) ahead: dist=78cm raw_vel=-7.1cm/s eff_vel=-7.1cm/s ttc=10.9s score=95.5 tier=NONE reason=no_actionable_distance_or_ttc user=still ego=OK
[18:00:01.935] [TTC]  laptop#421(f11) ahead: dist=78cm vel=-7.1cm/s TTC=10.9s tier=NONE ego=OK
[18:00:02.131] [TTC]  laptop#421(f12) ahead: dist=77cm vel=-7.9cm/s TTC=9.8s tier=NONE ego=OK
[18:00:02.633] [VOICE_POLICY] laptop#421(f15) on your right: dist=73cm raw_vel=-1.0cm/s eff_vel=0.0cm/s ttc=n/a score=28.2 tier=NONE reason=static_stationary_suppression user=still ego=OK
[18:00:03.499] [VOICE] WARN: "obstacle ahead, 0.8 meters"
[18:00:06.781] [LATENCY] label=WARN text="obstacle ahead, 0.8 meters" event_created=1779472803.500 enqueued=0.000s tts_start=0.001s play_start=0.007s play_end=3.281s queue_wait=0.001s synth=0.006s launch_wait=0.000s mode=clip_alert cache=hit cold_stream=yes silence_ms=220
[18:00:08.038] [VOICE] WARN: "Watch out, obstacle on your right, 1.7 meters"
[18:00:08.038] [TTC]  chair#428(f3) on your right: dist=179cm vel=-51.2cm/s TTC=3.5s tier=WARN ego=OK
[18:00:08.304] [VOICE] Dropped AWARE (busy_audio_channel): "obstacle on your right, 1.7 meters"
[18:00:08.304] [TTC]  chair#428(f3) on your right: dist=178cm vel=-41.0cm/s TTC=4.3s tier=AWARE ego=OK
[18:00:08.309] [VOICE_POLICY] chair#428(f3) on your right: dist=184cm raw_vel=-18.4cm/s eff_vel=-18.4cm/s ttc=10.0s score=150.3 tier=NONE reason=no_actionable_distance_or_ttc user=still ego=OK
[18:00:08.309] [TTC]  chair#428(f3) on your right: dist=184cm vel=-18.4cm/s TTC=10.0s tier=NONE ego=OK
[18:00:08.503] [VOICE_POLICY] chair#428(f3) on your right: dist=200cm raw_vel=17.1cm/s eff_vel=17.1cm/s ttc=n/a score=0.5 tier=NONE reason=static_stationary_suppression user=still ego=OK
[18:00:11.744] [LATENCY] label=WARN text="Watch out, obstacle on your right, 1.7 m" event_created=1779472808.038 enqueued=0.000s tts_start=0.001s play_start=0.028s play_end=3.676s queue_wait=0.001s synth=0.027s launch_wait=0.000s mode=clip_alert cache=hit cold_stream=no silence_ms=0
[18:00:20.976] [VOICE_POLICY] keyboard#435(f3) ahead: dist=136cm raw_vel=19.1cm/s eff_vel=19.1cm/s ttc=n/a score=0.9 tier=NONE reason=static_stationary_suppression user=still ego=OK
[18:00:21.715] [VOICE] AWARE: "obstacle ahead, 1.4 meters"
[18:00:21.716] [TTC]  keyboard#435(f7) ahead: dist=129cm vel=-23.0cm/s TTC=5.6s tier=AWARE ego=OK
[18:00:22.043] [TTC]  keyboard#435(f8) ahead: dist=132cm vel=-21.4cm/s TTC=6.2s tier=AWARE ego=OK
[18:00:22.250] [VOICE_POLICY] person#437(f3) on your right: dist=237cm raw_vel=0.0cm/s eff_vel=0.0cm/s ttc=n/a score=3.2 tier=NONE reason=static_stationary_suppression user=still ego=OK
[18:00:22.980] [VOICE_POLICY] keyboard#435(f13) ahead: dist=137cm raw_vel=0.5cm/s eff_vel=0.0cm/s ttc=n/a score=4.8 tier=NONE reason=static_stationary_suppression user=still ego=OK
[18:00:22.985] [VOICE_POLICY] person#437(f5) on your right: dist=240cm raw_vel=2.0cm/s eff_vel=0.0cm/s ttc=n/a score=3.0 tier=NONE reason=static_stationary_suppression user=still ego=OK
[18:00:24.089] [TTC]  keyboard#435(f19) ahead: dist=133cm vel=-20.5cm/s TTC=6.5s tier=AWARE ego=OK
[18:00:24.312] [TTC]  keyboard#435(f20) ahead: dist=135cm vel=-31.4cm/s TTC=4.3s tier=AWARE ego=OK
[18:00:24.316] [TTC]  keyboard#435(f20) ahead: dist=132cm vel=-35.0cm/s TTC=3.8s tier=WARN ego=OK
[18:00:24.517] [TTC]  keyboard#435(f21) ahead: dist=137cm vel=-25.0cm/s TTC=5.5s tier=AWARE ego=OK
[18:00:24.955] [VOICE_POLICY] keyboard#435(f23) ahead: dist=131cm raw_vel=2.6cm/s eff_vel=0.0cm/s ttc=n/a score=7.0 tier=NONE reason=static_stationary_suppression user=still ego=OK
[18:00:25.035] [LATENCY] label=AWARE text="obstacle ahead, 1.4 meters" event_created=1779472821.715 enqueued=0.000s tts_start=0.001s play_start=0.026s play_end=3.320s queue_wait=0.001s synth=0.025s launch_wait=0.000s mode=clip_alert cache=hit cold_stream=yes silence_ms=220
[18:00:25.075] [VOICE] WARN: "Watch out, obstacle ahead, 1.4 meters"
[18:00:25.721] [VOICE_POLICY] keyboard#435(f26) ahead: dist=129cm raw_vel=-11.7cm/s eff_vel=-11.7cm/s ttc=11.1s score=136.0 tier=NONE reason=no_actionable_distance_or_ttc user=still ego=OK
[18:00:25.721] [TTC]  keyboard#435(f26) ahead: dist=129cm vel=-11.7cm/s TTC=11.1s tier=NONE ego=OK
[18:00:25.952] [TTC]  keyboard#435(f27) ahead: dist=128cm vel=-10.8cm/s TTC=11.8s tier=NONE ego=OK
[18:00:26.485] [VOICE_POLICY] person#437(f21) on your right: dist=240cm raw_vel=0.6cm/s eff_vel=0.0cm/s ttc=n/a score=3.0 tier=NONE reason=static_stationary_suppression user=still ego=OK
[18:00:26.685] [VOICE_POLICY] keyboard#435(f31) ahead: dist=152cm raw_vel=28.7cm/s eff_vel=28.7cm/s ttc=n/a score=1.0 tier=NONE reason=static_stationary_suppression user=still ego=OK
[18:00:27.883] [VOICE_POLICY] keyboard#441(f3) ahead: dist=138cm raw_vel=-9.4cm/s eff_vel=0.0cm/s ttc=n/a score=4.4 tier=NONE reason=static_stationary_suppression user=still ego=OK
[18:00:28.287] [VOICE_POLICY] keyboard#441(f5) ahead: dist=125cm raw_vel=-13.9cm/s eff_vel=-13.9cm/s ttc=9.0s score=161.7 tier=NONE reason=no_actionable_distance_or_ttc user=still ego=OK
[18:00:28.288] [TTC]  keyboard#441(f5) ahead: dist=125cm vel=-13.9cm/s TTC=9.0s tier=NONE ego=OK
[18:00:28.390] [LATENCY] label=WARN text="Watch out, obstacle ahead, 1.4 meters" event_created=1779472824.316 enqueued=0.000s tts_start=0.845s play_start=0.869s play_end=4.074s queue_wait=0.845s synth=0.025s launch_wait=0.000s mode=clip_alert cache=hit cold_stream=no silence_ms=0
[18:00:28.920] [VOICE_POLICY] person#437(f33) on your right: dist=236cm raw_vel=7.0cm/s eff_vel=0.0cm/s ttc=n/a score=3.2 tier=NONE reason=static_stationary_suppression user=still ego=OK
[18:00:29.950] [VOICE_POLICY] keyboard#441(f13) ahead: dist=132cm raw_vel=2.6cm/s eff_vel=0.0cm/s ttc=n/a score=6.0 tier=NONE reason=static_stationary_suppression user=still ego=OK
[18:00:32.128] [VOICE_POLICY] keyboard#441(f25) ahead: dist=136cm raw_vel=-0.0cm/s eff_vel=0.0cm/s ttc=n/a score=5.1 tier=NONE reason=static_stationary_suppression user=still ego=OK
[18:00:32.694] [VOICE_POLICY] person#444(f3) on your right: dist=239cm raw_vel=0.0cm/s eff_vel=0.0cm/s ttc=n/a score=3.4 tier=NONE reason=static_stationary_suppression user=still ego=OK
[18:00:32.923] [VOICE_POLICY] person#444(f4) on your right: dist=240cm raw_vel=1.5cm/s eff_vel=0.0cm/s ttc=n/a score=3.0 tier=NONE reason=static_stationary_suppression user=still ego=OK
[18:00:33.489] [VOICE_POLICY] keyboard#441(f32) ahead: dist=132cm raw_vel=-14.5cm/s eff_vel=-14.5cm/s ttc=9.1s score=166.6 tier=NONE reason=no_actionable_distance_or_ttc user=still ego=OK
[18:00:33.490] [TTC]  keyboard#441(f32) ahead: dist=132cm vel=-14.5cm/s TTC=9.1s tier=NONE ego=OK
[18:00:34.183] [VOICE_POLICY] keyboard#441(f36) ahead: dist=152cm raw_vel=23.6cm/s eff_vel=23.6cm/s ttc=n/a score=1.1 tier=NONE reason=static_stationary_suppression user=still ego=OK
[18:00:34.795] [VOICE] AWARE: "obstacle ahead, 1.4 meters"
[18:00:34.796] [TTC]  keyboard#441(f39) ahead: dist=128cm vel=-18.8cm/s TTC=6.8s tier=AWARE ego=OK
[18:00:35.087] [TTC]  keyboard#441(f39) ahead: dist=126cm vel=-34.0cm/s TTC=3.7s tier=WARN ego=OK
[18:00:35.095] [TTC]  keyboard#441(f39) ahead: dist=122cm vel=-42.3cm/s TTC=2.9s tier=WARN ego=OK
[18:00:35.322] [TTC]  keyboard#441(f39) ahead: dist=121cm vel=-38.2cm/s TTC=3.2s tier=WARN ego=OK
[18:00:35.329] [VOICE_POLICY] person#444(f12) on your right: dist=232cm raw_vel=-22.9cm/s eff_vel=-22.9cm/s ttc=10.1s score=346.8 tier=NONE reason=no_actionable_distance_or_ttc user=still ego=OK
[18:00:35.329] [TTC]  person#444(f12) on your right: dist=232cm vel=-22.9cm/s TTC=10.1s tier=NONE ego=OK
[18:00:35.554] [TTC]  person#444(f13) on your right: dist=234cm vel=-22.9cm/s TTC=10.2s tier=NONE ego=OK
[18:00:35.559] [TTC]  keyboard#441(f39) ahead: dist=117cm vel=-17.2cm/s TTC=6.8s tier=AWARE ego=OK
[18:00:35.755] [VOICE_POLICY] keyboard#441(f39) ahead: dist=118cm raw_vel=-12.7cm/s eff_vel=-12.7cm/s ttc=9.3s score=137.8 tier=NONE reason=no_actionable_distance_or_ttc user=still ego=OK
[18:00:35.755] [TTC]  keyboard#441(f39) ahead: dist=118cm vel=-12.7cm/s TTC=9.3s tier=NONE ego=OK
[18:00:35.758] [VOICE_POLICY] keyboard#446(f5) ahead: dist=130cm raw_vel=3.9cm/s eff_vel=0.0cm/s ttc=n/a score=7.3 tier=NONE reason=static_stationary_suppression user=still ego=OK
[18:00:36.489] [VOICE_POLICY] person#444(f13) on your right: dist=242cm raw_vel=-21.2cm/s eff_vel=-21.2cm/s ttc=11.4s score=321.2 tier=NONE reason=no_actionable_distance_or_ttc user=still ego=OK
[18:00:36.489] [TTC]  person#444(f13) on your right: dist=242cm vel=-21.2cm/s TTC=11.4s tier=NONE ego=OK
[18:00:37.390] [TTC]  keyboard#446(f14) ahead: dist=131cm vel=-30.2cm/s TTC=4.3s tier=AWARE ego=OK
[18:00:37.590] [TTC]  keyboard#446(f15) ahead: dist=132cm vel=-38.7cm/s TTC=3.4s tier=WARN ego=OK
[18:00:37.592] [TTC]  keyboard#446(f15) ahead: dist=131cm vel=-41.2cm/s TTC=3.2s tier=WARN ego=OK
[18:00:37.789] [TTC]  keyboard#446(f16) ahead: dist=135cm vel=-28.8cm/s TTC=4.7s tier=AWARE ego=OK
[18:00:37.791] [TTC]  keyboard#446(f16) ahead: dist=129cm vel=-22.6cm/s TTC=5.7s tier=AWARE ego=OK
[18:00:37.989] [TTC]  keyboard#446(f17) ahead: dist=132cm vel=-19.5cm/s TTC=6.8s tier=AWARE ego=OK
[18:00:37.991] [VOICE_POLICY] keyboard#446(f17) ahead: dist=142cm raw_vel=-3.3cm/s eff_vel=0.0cm/s ttc=n/a score=2.9 tier=NONE reason=static_stationary_suppression user=still ego=OK
[18:00:38.070] [LATENCY] label=AWARE text="obstacle ahead, 1.4 meters" event_created=1779472834.796 enqueued=0.000s tts_start=0.001s play_start=0.008s play_end=3.273s queue_wait=0.001s synth=0.008s launch_wait=0.000s mode=clip_alert cache=hit cold_stream=yes silence_ms=220
[18:00:38.098] [VOICE] WARN: "Watch out, obstacle ahead, 1.4 meters"
[18:00:38.862] [VOICE_POLICY] keyboard#446(f21) ahead: dist=136cm raw_vel=-12.7cm/s eff_vel=-12.7cm/s ttc=10.7s score=145.3 tier=NONE reason=no_actionable_distance_or_ttc user=still ego=OK
[18:00:38.862] [TTC]  keyboard#446(f21) ahead: dist=136cm vel=-12.7cm/s TTC=10.7s tier=NONE ego=OK
[18:00:39.997] [VOICE_POLICY] keyboard#446(f27) ahead: dist=139cm raw_vel=5.7cm/s eff_vel=0.0cm/s ttc=n/a score=4.0 tier=NONE reason=static_stationary_suppression user=still ego=OK
[18:00:40.391] [VOICE_POLICY] cup#448(f3) on your right: dist=100cm raw_vel=1.5cm/s eff_vel=0.0cm/s ttc=n/a score=5.0 tier=NONE reason=static_stationary_suppression user=still ego=OK
[18:00:41.195] [TTC]  keyboard#446(f31) ahead: dist=132cm vel=-17.4cm/s TTC=7.6s tier=AWARE ego=OK
[18:00:41.392] [LATENCY] label=WARN text="Watch out, obstacle ahead, 1.4 meters" event_created=1779472837.593 enqueued=0.000s tts_start=0.512s play_start=0.606s play_end=3.799s queue_wait=0.512s synth=0.094s launch_wait=0.000s mode=clip_alert cache=hit cold_stream=no silence_ms=0
[18:00:41.403] [TTC]  keyboard#446(f32) ahead: dist=133cm vel=-21.8cm/s TTC=6.1s tier=AWARE ego=OK
[18:00:41.429] [TTC]  keyboard#446(f32) ahead: dist=128cm vel=-25.1cm/s TTC=5.1s tier=AWARE ego=OK
[18:00:41.657] [VOICE_POLICY] keyboard#446(f33) ahead: dist=132cm raw_vel=-14.2cm/s eff_vel=-14.2cm/s ttc=9.3s score=162.5 tier=NONE reason=no_actionable_distance_or_ttc user=still ego=OK
[18:00:41.658] [TTC]  keyboard#446(f33) ahead: dist=132cm vel=-14.2cm/s TTC=9.3s tier=NONE ego=OK
[18:00:41.663] [VOICE] CLEAR: "keyboard stopped, 1.3 meters away"
[18:00:42.158] [VOICE_POLICY] keyboard#446(f35) ahead: dist=132cm raw_vel=-1.5cm/s eff_vel=0.0cm/s ttc=n/a score=6.6 tier=NONE reason=static_stationary_suppression user=still ego=OK
[18:00:43.330] [VOICE_POLICY] person#450(f7) ahead: dist=237cm raw_vel=1.4cm/s eff_vel=0.0cm/s ttc=n/a score=3.2 tier=NONE reason=static_stationary_suppression user=still ego=OK
[18:00:44.132] [VOICE_POLICY] keyboard#446(f44) ahead: dist=137cm raw_vel=-12.9cm/s eff_vel=-12.9cm/s ttc=10.6s score=146.7 tier=NONE reason=no_actionable_distance_or_ttc user=still ego=OK
[18:00:44.133] [TTC]  keyboard#446(f44) ahead: dist=137cm vel=-12.9cm/s TTC=10.6s tier=NONE ego=OK
[18:00:44.527] [VOICE_POLICY] keyboard#446(f46) ahead: dist=136cm raw_vel=-4.1cm/s eff_vel=0.0cm/s ttc=n/a score=5.1 tier=NONE reason=static_stationary_suppression user=still ego=OK
[18:00:45.100] [VOICE_POLICY] tv#454(f3) on your left: dist=154cm raw_vel=0.0cm/s eff_vel=0.0cm/s ttc=n/a score=4.9 tier=NONE reason=static_stationary_suppression user=still ego=OK
[18:00:45.535] [VOICE] Dropped AWARE (busy_audio_channel): "obstacle ahead, 1.4 meters"
[18:00:45.535] [TTC]  keyboard#446(f50) ahead: dist=124cm vel=-17.8cm/s TTC=7.0s tier=AWARE ego=OK
[18:00:45.638] [LATENCY] label=CLEAR text="keyboard stopped, 1.3 meters away" event_created=1779472841.663 enqueued=0.000s tts_start=0.001s play_start=0.134s play_end=3.975s queue_wait=0.001s synth=0.133s launch_wait=0.000s mode=espeak_alert cache=fallback cold_stream=no silence_ms=0
[18:00:45.794] [VOICE] AWARE: "obstacle ahead, 1.4 meters"
[18:00:45.795] [TTC]  keyboard#446(f51) ahead: dist=129cm vel=-24.0cm/s TTC=5.4s tier=AWARE ego=OK
[18:00:45.828] [TTC]  keyboard#446(f51) ahead: dist=126cm vel=-23.2cm/s TTC=5.4s tier=AWARE ego=OK
[18:00:46.497] [VOICE_POLICY] keyboard#446(f54) ahead: dist=140cm raw_vel=9.8cm/s eff_vel=9.8cm/s ttc=n/a score=0.7 tier=NONE reason=static_stationary_suppression user=still ego=OK
[18:00:47.334] [VOICE_POLICY] person#450(f23) ahead: dist=232cm raw_vel=-6.0cm/s eff_vel=0.0cm/s ttc=n/a score=3.4 tier=NONE reason=static_stationary_suppression user=still ego=OK
[18:00:47.864] [TTC]  keyboard#446(f60) ahead: dist=128cm vel=-23.9cm/s TTC=5.3s tier=AWARE ego=OK
[18:00:47.866] [TTC]  keyboard#446(f60) ahead: dist=120cm vel=-40.4cm/s TTC=3.0s tier=WARN ego=OK
[18:00:48.065] [TTC]  keyboard#446(f60) ahead: dist=117cm vel=-45.5cm/s TTC=2.6s tier=WARN ego=OK
[18:00:48.068] [TTC]  keyboard#446(f60) ahead: dist=110cm vel=-50.0cm/s TTC=2.2s tier=WARN ego=OK
[18:00:48.264] [TTC]  keyboard#446(f60) ahead: dist=109cm vel=-50.7cm/s TTC=2.2s tier=WARN ego=OK
[18:00:48.266] [TTC]  keyboard#446(f60) ahead: dist=107cm vel=-41.3cm/s TTC=2.6s tier=WARN ego=OK
[18:00:48.467] [TTC]  keyboard#446(f60) ahead: dist=106cm vel=-31.7cm/s TTC=3.3s tier=WARN ego=OK
[18:00:48.470] [VOICE_POLICY] keyboard#446(f60) ahead: dist=105cm raw_vel=-12.8cm/s eff_vel=-12.8cm/s ttc=8.2s score=157.6 tier=NONE reason=no_actionable_distance_or_ttc user=still ego=OK
[18:00:48.471] [TTC]  keyboard#446(f60) ahead: dist=105cm vel=-12.8cm/s TTC=8.2s tier=NONE ego=OK
[18:00:48.693] [VOICE_POLICY] keyboard#446(f60) ahead: dist=105cm raw_vel=-3.4cm/s eff_vel=0.0cm/s ttc=n/a score=16.5 tier=NONE reason=static_stationary_suppression user=still ego=OK
[18:00:48.811] [LATENCY] label=AWARE text="obstacle ahead, 1.4 meters" event_created=1779472845.794 enqueued=0.000s tts_start=0.001s play_start=0.003s play_end=2.995s queue_wait=0.001s synth=0.003s launch_wait=0.000s mode=clip_alert cache=hit cold_stream=no silence_ms=0
[18:00:48.834] [VOICE] WARN: "Watch out, obstacle ahead, 1.1 meters"
[18:00:50.232] [VOICE_POLICY] keyboard#458(f3) ahead: dist=128cm raw_vel=1.4cm/s eff_vel=0.0cm/s ttc=n/a score=8.1 tier=NONE reason=static_stationary_suppression user=still ego=OK
[18:00:50.238] [TTC]  keyboard#458(f3) ahead: dist=126cm vel=-24.8cm/s TTC=5.1s tier=AWARE ego=OK
[18:00:50.462] [TTC]  keyboard#458(f4) ahead: dist=132cm vel=-19.9cm/s TTC=6.6s tier=AWARE ego=OK
[18:00:50.833] [VOICE_POLICY] keyboard#458(f6) ahead: dist=156cm raw_vel=20.1cm/s eff_vel=20.1cm/s ttc=n/a score=1.1 tier=NONE reason=static_stationary_suppression user=still ego=OK
[18:00:51.927] [LATENCY] label=WARN text="Watch out, obstacle ahead, 1.1 meters" event_created=1779472848.467 enqueued=0.000s tts_start=0.368s play_start=0.370s play_end=3.460s queue_wait=0.368s synth=0.002s launch_wait=0.000s mode=clip_alert cache=hit cold_stream=no silence_ms=0
[18:00:52.271] [VOICE_POLICY] keyboard#461(f5) ahead: dist=131cm raw_vel=-1.5cm/s eff_vel=0.0cm/s ttc=n/a score=6.3 tier=NONE reason=static_stationary_suppression user=still ego=BAD
[18:00:53.131] [VOICE_POLICY] keyboard#465(f3) ahead: dist=135cm raw_vel=0.0cm/s eff_vel=0.0cm/s ttc=n/a score=5.5 tier=NONE reason=static_stationary_suppression user=still ego=BAD
[18:00:54.201] [VOICE_POLICY] keyboard#465(f8) ahead: dist=134cm raw_vel=-15.8cm/s eff_vel=-15.8cm/s ttc=8.5s score=179.3 tier=NONE reason=no_actionable_distance_or_ttc user=still ego=OK
[18:00:54.201] [TTC]  keyboard#465(f8) ahead: dist=134cm vel=-15.8cm/s TTC=8.5s tier=NONE ego=OK
[18:00:54.206] [VOICE] WARN: "Watch out, obstacle ahead, 1.4 meters"
[18:00:54.207] [TTC]  keyboard#465(f8) ahead: dist=127cm vel=-40.8cm/s TTC=3.1s tier=WARN ego=OK
[18:00:54.503] [TTC]  keyboard#465(f9) ahead: dist=130cm vel=-41.9cm/s TTC=3.1s tier=WARN ego=OK
[18:00:54.509] [VOICE_POLICY] person#466(f3) on your right: dist=238cm raw_vel=-26.6cm/s eff_vel=-26.6cm/s ttc=8.9s score=402.5 tier=NONE reason=no_actionable_distance_or_ttc user=still ego=OK
[18:00:54.509] [TTC]  person#466(f3) on your right: dist=238cm vel=-26.6cm/s TTC=8.9s tier=NONE ego=OK
[18:00:54.701] [TTC]  person#466(f3) on your right: dist=239cm vel=-27.3cm/s TTC=8.8s tier=NONE ego=OK
[18:00:54.706] [VOICE_POLICY] person#466(f3) on your right: dist=242cm raw_vel=-8.1cm/s eff_vel=0.0cm/s ttc=n/a score=2.9 tier=NONE reason=static_stationary_suppression user=still ego=OK
[18:00:55.109] [VOICE_POLICY] keyboard#465(f11) ahead: dist=128cm raw_vel=-5.5cm/s eff_vel=0.0cm/s ttc=n/a score=7.3 tier=NONE reason=static_stationary_suppression user=still ego=OK
[18:00:55.333] [TTC]  keyboard#465(f11) ahead: dist=127cm vel=-12.6cm/s TTC=10.1s tier=NONE ego=OK
[18:00:56.207] [VOICE_POLICY] keyboard#469(f3) ahead: dist=150cm raw_vel=3.7cm/s eff_vel=0.0cm/s ttc=n/a score=5.5 tier=NONE reason=static_stationary_suppression user=still ego=OK
[18:00:56.941] [VOICE_POLICY] person#466(f11) on your right: dist=245cm raw_vel=-0.9cm/s eff_vel=0.0cm/s ttc=n/a score=2.8 tier=NONE reason=static_stationary_suppression user=still ego=OK
[18:00:57.303] [VOICE_POLICY] keyboard#465(f20) ahead: dist=142cm raw_vel=4.6cm/s eff_vel=0.0cm/s ttc=n/a score=2.9 tier=NONE reason=static_stationary_suppression user=still ego=OK
[18:00:57.507] [VOICE] Dropped AWARE (busy_audio_channel): "obstacle ahead, 1.4 meters"
[18:00:57.507] [TTC]  keyboard#465(f21) ahead: dist=132cm vel=-21.3cm/s TTC=6.2s tier=AWARE ego=OK
[18:00:57.673] [LATENCY] label=WARN text="Watch out, obstacle ahead, 1.4 meters" event_created=1779472854.206 enqueued=0.000s tts_start=0.001s play_start=0.032s play_end=3.466s queue_wait=0.001s synth=0.031s launch_wait=0.000s mode=clip_alert cache=hit cold_stream=yes silence_ms=220
[18:00:57.738] [VOICE] AWARE: "obstacle ahead, 1.4 meters"
[18:00:57.739] [TTC]  keyboard#465(f22) ahead: dist=132cm vel=-26.0cm/s TTC=5.1s tier=AWARE ego=OK
[18:00:57.745] [TTC]  keyboard#465(f22) ahead: dist=126cm vel=-29.2cm/s TTC=4.3s tier=AWARE ego=OK
[18:00:58.038] [VOICE_POLICY] keyboard#465(f23) ahead: dist=131cm raw_vel=-14.6cm/s eff_vel=-14.6cm/s ttc=9.0s score=167.7 tier=NONE reason=no_actionable_distance_or_ttc user=still ego=OK
[18:00:58.038] [TTC]  keyboard#465(f23) ahead: dist=131cm vel=-14.6cm/s TTC=9.0s tier=NONE ego=OK
[18:00:59.371] [VOICE_POLICY] keyboard#465(f26) ahead: dist=123cm raw_vel=-6.1cm/s eff_vel=0.0cm/s ttc=n/a score=9.9 tier=NONE reason=static_stationary_suppression user=still ego=BAD
[18:00:59.378] [TTC]  keyboard#465(f26) ahead: dist=117cm vel=-25.4cm/s TTC=4.6s tier=AWARE ego=BAD
[18:00:59.579] [TTC]  keyboard#465(f27) ahead: dist=119cm vel=-26.2cm/s TTC=4.5s tier=AWARE ego=BAD
[18:00:59.772] [VOICE_POLICY] keyboard#465(f27) ahead: dist=117cm raw_vel=-13.1cm/s eff_vel=-13.1cm/s ttc=8.9s score=142.1 tier=NONE reason=no_actionable_distance_or_ttc user=still ego=BAD
[18:00:59.772] [TTC]  keyboard#465(f27) ahead: dist=117cm vel=-13.1cm/s TTC=8.9s tier=NONE ego=BAD
[18:00:59.780] [VOICE_POLICY] person#466(f17) on your right: dist=105cm raw_vel=-135.8cm/s eff_vel=-135.8cm/s ttc=0.8s score=600.0 tier=WARNING reason=side_pass_warning user=still ego=BAD
[18:00:59.780] [TTC]  person#466(f17) on your right: dist=105cm vel=-135.8cm/s TTC=0.8s tier=URGENT ego=BAD
[18:00:59.972] [TTC]  keyboard#465(f27) ahead: dist=105cm vel=-36.5cm/s TTC=2.9s tier=WARN ego=BAD
[18:00:59.978] [TTC]  keyboard#465(f27) ahead: dist=100cm vel=-41.9cm/s TTC=2.4s tier=WARN ego=BAD
[18:01:00.208] [TTC]  keyboard#465(f27) ahead: dist=100cm vel=-37.4cm/s TTC=2.7s tier=WARN ego=OK
[18:01:00.213] [TTC]  keyboard#465(f27) ahead: dist=100cm vel=-16.2cm/s TTC=6.2s tier=AWARE ego=OK
[18:01:00.439] [VOICE] Dropped CLEAR (busy_audio_channel): "keyboard stopped, 1.0 meters away"
[18:01:00.439] [VOICE_POLICY] keyboard#465(f27) ahead: dist=100cm raw_vel=-5.6cm/s eff_vel=0.0cm/s ttc=n/a score=16.7 tier=NONE reason=static_stationary_suppression user=still ego=OK
[18:01:00.639] [VOICE_POLICY] keyboard#472(f4) on your left: dist=130cm raw_vel=4.7cm/s eff_vel=0.0cm/s ttc=n/a score=6.7 tier=NONE reason=static_stationary_suppression user=still ego=OK
[18:01:00.643] [VOICE_POLICY] keyboard#472(f4) on your left: dist=115cm raw_vel=-4.8cm/s eff_vel=0.0cm/s ttc=n/a score=11.7 tier=NONE reason=static_stationary_suppression user=still ego=OK
[18:01:00.792] [LATENCY] label=AWARE text="obstacle ahead, 1.4 meters" event_created=1779472857.738 enqueued=0.000s tts_start=0.001s play_start=0.004s play_end=3.035s queue_wait=0.001s synth=0.003s launch_wait=0.000s mode=clip_alert cache=hit cold_stream=no silence_ms=0
[18:01:00.813] [VOICE] URGENT: "Watch out, person on your right, 1.1 meters"
[18:01:01.013] [TTC]  keyboard#472(f4) on your left: dist=112cm vel=-24.0cm/s TTC=4.7s tier=AWARE ego=OK
[18:01:01.041] [TTC]  keyboard#472(f4) on your left: dist=114cm vel=-29.1cm/s TTC=3.9s tier=WARN ego=OK
[18:01:01.275] [TTC]  keyboard#472(f4) on your left: dist=114cm vel=-20.7cm/s TTC=5.5s tier=AWARE ego=OK
[18:01:03.243] [VOICE_POLICY] person#477(f3) on your left: dist=143cm raw_vel=-20.7cm/s eff_vel=-20.7cm/s ttc=6.9s score=313.9 tier=AWARENESS reason=side_pass_awareness user=still ego=OK
[18:01:03.243] [TTC]  person#477(f3) on your left: dist=143cm vel=-20.7cm/s TTC=6.9s tier=AWARE ego=OK
[18:01:03.248] [TTC]  person#477(f3) on your left: dist=144cm vel=-15.5cm/s TTC=9.3s tier=NONE ego=OK
[18:01:03.475] [TTC]  person#477(f4) on your left: dist=144cm vel=-13.0cm/s TTC=11.1s tier=NONE ego=OK
[18:01:03.675] [VOICE_POLICY] keyboard#478(f4) ahead: dist=139cm raw_vel=-9.0cm/s eff_vel=0.0cm/s ttc=n/a score=3.7 tier=NONE reason=static_stationary_suppression user=still ego=OK
[18:01:04.047] [VOICE_POLICY] keyboard#478(f5) on your left: dist=132cm raw_vel=-11.0cm/s eff_vel=-11.0cm/s ttc=11.9s score=116.5 tier=NONE reason=no_actionable_distance_or_ttc user=still ego=OK
[18:01:04.047] [TTC]  keyboard#478(f5) on your left: dist=132cm vel=-11.0cm/s TTC=11.9s tier=NONE ego=OK
[18:01:04.241] [TTC]  keyboard#478(f5) on your left: dist=128cm vel=-31.0cm/s TTC=4.1s tier=AWARE ego=OK
[18:01:04.247] [TTC]  keyboard#478(f5) on your left: dist=123cm vel=-45.9cm/s TTC=2.7s tier=WARN ego=OK
[18:01:04.369] [LATENCY] label=URGENT text="Watch out, person on your right, 1.1 met" event_created=1779472859.780 enqueued=0.000s tts_start=1.056s play_start=1.062s play_end=4.552s queue_wait=1.056s synth=0.006s launch_wait=0.000s mode=clip_alert cache=hit cold_stream=no silence_ms=0
[18:01:04.392] [VOICE] WARN: "Watch out, obstacle on your left, 1.4 meters"
[18:01:04.605] [TTC]  keyboard#478(f5) on your left: dist=115cm vel=-37.6cm/s TTC=3.1s tier=WARN ego=BAD
[18:01:04.841] [TTC]  keyboard#478(f5) on your left: dist=115cm vel=-30.3cm/s TTC=3.8s tier=WARN ego=BAD
[18:01:04.848] [TTC]  keyboard#478(f5) on your left: dist=117cm vel=-15.1cm/s TTC=7.7s tier=AWARE ego=BAD
[18:01:05.746] [VOICE_POLICY] keyboard#481(f5) ahead: dist=134cm raw_vel=0.0cm/s eff_vel=0.0cm/s ttc=n/a score=5.9 tier=NONE reason=static_stationary_suppression user=still ego=OK
[18:01:07.275] [VOICE_POLICY] keyboard#481(f13) ahead: dist=135cm raw_vel=-11.7cm/s eff_vel=-11.7cm/s ttc=11.6s score=121.7 tier=NONE reason=no_actionable_distance_or_ttc user=still ego=OK
[18:01:07.276] [TTC]  keyboard#481(f13) ahead: dist=135cm vel=-11.7cm/s TTC=11.6s tier=NONE ego=OK
[18:01:07.278] [TTC]  keyboard#481(f13) ahead: dist=135cm vel=-15.1cm/s TTC=8.9s tier=NONE ego=OK
[18:01:07.475] [TTC]  keyboard#481(f14) ahead: dist=135cm vel=-16.9cm/s TTC=8.0s tier=AWARE ego=OK
[18:01:07.813] [LATENCY] label=WARN text="Watch out, obstacle on your left, 1.4 me" event_created=1779472864.247 enqueued=0.000s tts_start=0.162s play_start=0.167s play_end=3.567s queue_wait=0.162s synth=0.004s launch_wait=0.000s mode=clip_alert cache=hit cold_stream=no silence_ms=0
[18:01:07.815] [VOICE] WARN: "obstacle on your left, 1.1 meters"
[18:01:08.048] [VOICE_POLICY] keyboard#481(f16) ahead: dist=137cm raw_vel=-4.2cm/s eff_vel=0.0cm/s ttc=n/a score=4.8 tier=NONE reason=static_stationary_suppression user=still ego=OK
[18:01:08.447] [TTC]  keyboard#481(f18) ahead: dist=134cm vel=-13.7cm/s TTC=9.8s tier=NONE ego=OK
[18:01:09.882] [VOICE_POLICY] keyboard#481(f25) ahead: dist=135cm raw_vel=-0.5cm/s eff_vel=0.0cm/s ttc=n/a score=5.5 tier=NONE reason=static_stationary_suppression user=still ego=OK
[18:01:10.749] [VOICE_POLICY] person#482(f5) ahead: dist=245cm raw_vel=-1.9cm/s eff_vel=0.0cm/s ttc=n/a score=2.8 tier=NONE reason=static_stationary_suppression user=still ego=OK
[18:01:11.282] [LATENCY] label=WARN text="obstacle on your left, 1.1 meters" event_created=1779472864.841 enqueued=0.000s tts_start=2.975s play_start=3.041s play_end=6.442s queue_wait=2.975s synth=0.065s launch_wait=0.000s mode=clip_alert cache=hit cold_stream=no silence_ms=0
[18:01:11.311] [VOICE_POLICY] keyboard#481(f33) ahead: dist=135cm raw_vel=-13.4cm/s eff_vel=-13.4cm/s ttc=10.1s score=153.0 tier=NONE reason=no_actionable_distance_or_ttc user=still ego=OK
[18:01:11.311] [TTC]  keyboard#481(f33) ahead: dist=135cm vel=-13.4cm/s TTC=10.1s tier=NONE ego=OK
[18:01:11.883] [VOICE_POLICY] keyboard#481(f36) ahead: dist=135cm raw_vel=-0.2cm/s eff_vel=0.0cm/s ttc=n/a score=5.5 tier=NONE reason=static_stationary_suppression user=still ego=OK
[18:01:12.083] [TTC]  keyboard#481(f36) ahead: dist=120cm vel=-10.3cm/s TTC=11.7s tier=NONE ego=OK
[18:01:12.281] [VOICE] AWARE: "obstacle ahead, 1.4 meters"
[18:01:12.281] [TTC]  keyboard#481(f37) ahead: dist=127cm vel=-19.8cm/s TTC=6.4s tier=AWARE ego=OK
[18:01:12.288] [TTC]  keyboard#481(f37) ahead: dist=126cm vel=-16.8cm/s TTC=7.5s tier=AWARE ego=OK
[18:01:13.983] [VOICE_POLICY] keyboard#481(f44) ahead: dist=138cm raw_vel=15.4cm/s eff_vel=15.4cm/s ttc=n/a score=0.8 tier=NONE reason=static_stationary_suppression user=still ego=OK
[18:01:14.689] [VOICE_POLICY] keyboard#481(f48) ahead: dist=139cm raw_vel=-14.4cm/s eff_vel=-14.4cm/s ttc=9.7s score=147.2 tier=NONE reason=no_actionable_distance_or_ttc user=still ego=OK
[18:01:14.689] [TTC]  keyboard#481(f48) ahead: dist=139cm vel=-14.4cm/s TTC=9.7s tier=NONE ego=OK
[18:01:15.227] [LATENCY] label=AWARE text="obstacle ahead, 1.4 meters" event_created=1779472872.281 enqueued=0.000s tts_start=0.001s play_start=0.004s play_end=2.945s queue_wait=0.001s synth=0.003s launch_wait=0.000s mode=clip_alert cache=hit cold_stream=no silence_ms=0
[18:01:15.319] [TTC]  keyboard#481(f51) ahead: dist=134cm vel=-22.1cm/s TTC=6.1s tier=AWARE ego=OK
[18:01:15.517] [TTC]  keyboard#481(f52) ahead: dist=137cm vel=-31.0cm/s TTC=4.4s tier=AWARE ego=OK
[18:01:15.522] [VOICE] WARN: "Watch out, obstacle ahead, 1.4 meters"
[18:01:15.522] [TTC]  keyboard#481(f52) ahead: dist=120cm vel=-44.1cm/s TTC=2.7s tier=WARN ego=OK
[18:01:15.817] [TTC]  keyboard#481(f53) ahead: dist=126cm vel=-40.0cm/s TTC=3.1s tier=WARN ego=OK
[18:01:15.821] [TTC]  keyboard#481(f53) ahead: dist=128cm vel=-20.0cm/s TTC=6.4s tier=AWARE ego=OK
[18:01:16.017] [VOICE_POLICY] keyboard#481(f53) ahead: dist=128cm raw_vel=-10.0cm/s eff_vel=0.0cm/s ttc=n/a score=7.3 tier=NONE reason=static_stationary_suppression user=still ego=OK
[18:01:18.287] [VOICE_POLICY] keyboard#481(f61) ahead: dist=133cm raw_vel=11.3cm/s eff_vel=11.3cm/s ttc=n/a score=1.2 tier=NONE reason=static_stationary_suppression user=still ego=OK
[18:01:18.732] [LATENCY] label=WARN text="Watch out, obstacle ahead, 1.4 meters" event_created=1779472875.522 enqueued=0.000s tts_start=0.001s play_start=0.002s play_end=3.210s queue_wait=0.001s synth=0.002s launch_wait=0.000s mode=clip_alert cache=hit cold_stream=no silence_ms=0
[18:01:19.318] [TTC]  person#487(f5) on your right: dist=233cm vel=-34.7cm/s TTC=6.7s tier=AWARE ego=OK
[18:01:19.326] [VOICE_POLICY] person#487(f5) on your right: dist=232cm raw_vel=-22.3cm/s eff_vel=-22.3cm/s ttc=10.4s score=338.6 tier=NONE reason=no_actionable_distance_or_ttc user=still ego=OK
[18:01:19.326] [TTC]  person#487(f5) on your right: dist=232cm vel=-22.3cm/s TTC=10.4s tier=NONE ego=OK
[18:01:20.359] [VOICE_POLICY] person#487(f10) on your right: dist=240cm raw_vel=-6.6cm/s eff_vel=0.0cm/s ttc=n/a score=3.3 tier=NONE reason=static_stationary_suppression user=still ego=OK
[18:01:20.558] [VOICE_POLICY] keyboard#490(f7) ahead: dist=140cm raw_vel=-14.9cm/s eff_vel=-14.9cm/s ttc=9.4s score=168.1 tier=NONE reason=no_actionable_distance_or_ttc user=still ego=OK
[18:01:20.559] [TTC]  keyboard#490(f7) ahead: dist=140cm vel=-14.9cm/s TTC=9.4s tier=NONE ego=OK
[18:01:20.791] [TTC]  keyboard#490(f8) ahead: dist=138cm vel=-20.8cm/s TTC=6.6s tier=AWARE ego=OK
[18:01:20.987] [TTC]  keyboard#490(f9) ahead: dist=141cm vel=-13.8cm/s TTC=10.2s tier=NONE ego=OK
[18:01:20.992] [TTC]  cup#491(f3) on your right: dist=100cm vel=-15.9cm/s TTC=6.3s tier=AWARE ego=OK
[18:01:21.187] [VOICE_POLICY] cup#491(f3) on your right: dist=100cm raw_vel=-11.3cm/s eff_vel=-11.3cm/s ttc=8.8s score=39.0 tier=NONE reason=no_actionable_distance_or_ttc user=still ego=OK
[18:01:21.187] [TTC]  cup#491(f3) on your right: dist=100cm vel=-11.3cm/s TTC=8.8s tier=NONE ego=OK
[18:01:21.192] [TTC]  cup#491(f3) on your right: dist=100cm vel=-8.9cm/s TTC=11.3s tier=NONE ego=OK
[18:01:21.387] [VOICE_POLICY] cup#491(f3) on your right: dist=100cm raw_vel=-7.6cm/s eff_vel=0.0cm/s ttc=n/a score=5.0 tier=NONE reason=static_stationary_suppression user=still ego=OK
[18:01:21.392] [TTC]  keyboard#490(f11) ahead: dist=131cm vel=-15.8cm/s TTC=8.3s tier=NONE ego=OK
[18:01:21.592] [VOICE_POLICY] keyboard#490(f12) ahead: dist=126cm raw_vel=-3.9cm/s eff_vel=0.0cm/s ttc=n/a score=8.0 tier=NONE reason=static_stationary_suppression user=still ego=OK
[18:01:21.787] [TTC]  keyboard#490(f12) ahead: dist=126cm vel=-14.4cm/s TTC=8.8s tier=NONE ego=OK
[18:01:21.793] [TTC]  keyboard#490(f12) ahead: dist=117cm vel=-18.9cm/s TTC=6.2s tier=AWARE ego=OK
[18:01:21.990] [TTC]  keyboard#490(f13) ahead: dist=126cm vel=-15.9cm/s TTC=7.9s tier=AWARE ego=OK
[18:01:22.919] [VOICE_POLICY] person#487(f22) on your right: dist=234cm raw_vel=4.0cm/s eff_vel=0.0cm/s ttc=n/a score=3.6 tier=NONE reason=static_stationary_suppression user=still ego=OK
[18:01:23.126] [VOICE_POLICY] keyboard#490(f19) ahead: dist=135cm raw_vel=-16.0cm/s eff_vel=-16.0cm/s ttc=8.4s score=164.9 tier=NONE reason=no_actionable_distance_or_ttc user=still ego=OK
[18:01:23.126] [TTC]  keyboard#490(f19) ahead: dist=135cm vel=-16.0cm/s TTC=8.4s tier=NONE ego=OK
[18:01:23.321] [TTC]  keyboard#490(f20) ahead: dist=138cm vel=-11.9cm/s TTC=11.6s tier=NONE ego=OK
[18:01:23.689] [VOICE_POLICY] keyboard#490(f22) ahead: dist=136cm raw_vel=-2.2cm/s eff_vel=0.0cm/s ttc=n/a score=5.1 tier=NONE reason=static_stationary_suppression user=still ego=OK
[18:01:24.060] [TTC]  keyboard#490(f24) ahead: dist=140cm vel=-16.4cm/s TTC=8.5s tier=NONE ego=OK
[18:01:24.629] [VOICE_POLICY] person#487(f31) ahead: dist=240cm raw_vel=1.8cm/s eff_vel=0.0cm/s ttc=n/a score=3.3 tier=NONE reason=static_stationary_suppression user=still ego=OK
[18:01:24.865] [VOICE_POLICY] person#487(f32) ahead: dist=239cm raw_vel=4.5cm/s eff_vel=0.0cm/s ttc=n/a score=3.0 tier=NONE reason=static_stationary_suppression user=still ego=OK
[18:01:25.095] [VOICE] AWARE: "obstacle ahead, 1.4 meters"
[18:01:25.096] [TTC]  keyboard#490(f29) ahead: dist=125cm vel=-18.1cm/s TTC=6.9s tier=AWARE ego=OK
[18:01:25.393] [TTC]  keyboard#490(f30) ahead: dist=131cm vel=-22.7cm/s TTC=5.8s tier=AWARE ego=OK
[18:01:25.397] [TTC]  keyboard#490(f30) ahead: dist=129cm vel=-22.0cm/s TTC=5.9s tier=AWARE ego=OK
[18:01:25.629] [VOICE_POLICY] keyboard#490(f31) ahead: dist=130cm raw_vel=-5.5cm/s eff_vel=0.0cm/s ttc=n/a score=6.7 tier=NONE reason=static_stationary_suppression user=still ego=OK
[18:01:26.786] [VOICE_POLICY] keyboard#490(f36) ahead: dist=130cm raw_vel=-13.0cm/s eff_vel=-13.0cm/s ttc=10.0s score=136.5 tier=NONE reason=no_actionable_distance_or_ttc user=still ego=OK
[18:01:26.787] [TTC]  keyboard#490(f36) ahead: dist=130cm vel=-13.0cm/s TTC=10.0s tier=NONE ego=OK
[18:01:27.863] [TTC]  keyboard#490(f41) ahead: dist=134cm vel=-18.5cm/s TTC=7.3s tier=AWARE ego=OK
[18:01:28.058] [TTC]  keyboard#490(f42) ahead: dist=132cm vel=-29.3cm/s TTC=4.5s tier=AWARE ego=OK
[18:01:28.062] [TTC]  keyboard#490(f42) ahead: dist=145cm vel=-18.2cm/s TTC=7.9s tier=AWARE ego=OK
[18:01:28.258] [TTC]  keyboard#490(f43) ahead: dist=142cm vel=-12.7cm/s TTC=11.2s tier=NONE ego=OK
[18:01:28.262] [VOICE_POLICY] person#487(f49) ahead: dist=238cm raw_vel=-3.5cm/s eff_vel=0.0cm/s ttc=n/a score=3.1 tier=NONE reason=static_stationary_suppression user=still ego=OK
[18:01:28.407] [LATENCY] label=AWARE text="obstacle ahead, 1.4 meters" event_created=1779472885.096 enqueued=0.000s tts_start=0.001s play_start=0.024s play_end=3.310s queue_wait=0.001s synth=0.024s launch_wait=0.000s mode=clip_alert cache=hit cold_stream=yes silence_ms=220
[18:01:28.491] [VOICE_POLICY] keyboard#490(f44) ahead: dist=136cm raw_vel=3.7cm/s eff_vel=0.0cm/s ttc=n/a score=5.1 tier=NONE reason=static_stationary_suppression user=still ego=OK
[18:01:28.495] [TTC]  keyboard#490(f44) ahead: dist=133cm vel=-11.6cm/s TTC=11.4s tier=NONE ego=OK
[18:01:28.692] [TTC]  keyboard#490(f45) ahead: dist=133cm vel=-18.0cm/s TTC=7.4s tier=AWARE ego=OK
[18:01:29.766] [VOICE_POLICY] person#487(f57) ahead: dist=241cm raw_vel=-0.1cm/s eff_vel=0.0cm/s ttc=n/a score=3.2 tier=NONE reason=static_stationary_suppression user=still ego=OK
[18:01:30.164] [TTC]  keyboard#490(f53) ahead: dist=132cm vel=-17.1cm/s TTC=7.7s tier=AWARE ego=OK
[18:01:30.364] [VOICE_POLICY] keyboard#490(f54) ahead: dist=129cm raw_vel=-15.5cm/s eff_vel=-15.5cm/s ttc=8.3s score=177.9 tier=NONE reason=no_actionable_distance_or_ttc user=still ego=OK
[18:01:30.364] [TTC]  keyboard#490(f54) ahead: dist=129cm vel=-15.5cm/s TTC=8.3s tier=NONE ego=OK
[18:01:30.561] [VOICE_POLICY] keyboard#490(f55) ahead: dist=133cm raw_vel=-7.7cm/s eff_vel=0.0cm/s ttc=n/a score=6.2 tier=NONE reason=static_stationary_suppression user=still ego=OK
[18:01:31.828] [VOICE_POLICY] person#487(f68) ahead: dist=248cm raw_vel=0.0cm/s eff_vel=0.0cm/s ttc=n/a score=2.6 tier=NONE reason=static_stationary_suppression user=still ego=OK
[18:01:32.031] [TTC]  keyboard#490(f63) ahead: dist=134cm vel=-22.7cm/s TTC=5.9s tier=AWARE ego=OK
[18:01:32.227] [TTC]  keyboard#490(f64) ahead: dist=133cm vel=-27.1cm/s TTC=4.9s tier=AWARE ego=OK
[18:01:32.231] [TTC]  keyboard#490(f64) ahead: dist=135cm vel=-15.7cm/s TTC=8.6s tier=NONE ego=OK
[18:01:32.429] [VOICE] CLEAR: "keyboard stopped, 1.4 meters away"
[18:01:32.761] [VOICE_POLICY] keyboard#490(f66) ahead: dist=139cm raw_vel=-5.6cm/s eff_vel=0.0cm/s ttc=n/a score=4.0 tier=NONE reason=static_stationary_suppression user=still ego=OK
[18:01:34.402] [VOICE_POLICY] person#487(f81) ahead: dist=240cm raw_vel=5.8cm/s eff_vel=0.0cm/s ttc=n/a score=3.0 tier=NONE reason=static_stationary_suppression user=still ego=OK
[18:01:35.430] [VOICE] Dropped AWARE (busy_audio_channel): "obstacle ahead, 1.4 meters"
[18:01:35.430] [TTC]  keyboard#490(f78) ahead: dist=139cm vel=-19.7cm/s TTC=7.1s tier=AWARE ego=OK
[18:01:35.436] [VOICE] Dropped AWARE (busy_audio_channel): "obstacle ahead, 1.4 meters"
[18:01:35.436] [TTC]  keyboard#490(f78) ahead: dist=137cm vel=-28.9cm/s TTC=4.7s tier=AWARE ego=OK
[18:01:35.630] [VOICE] Dropped AWARE (busy_audio_channel): "obstacle ahead, 1.4 meters"
[18:01:35.630] [TTC]  keyboard#490(f79) ahead: dist=137cm vel=-33.1cm/s TTC=4.1s tier=AWARE ego=OK
[18:01:35.636] [VOICE] Dropped AWARE (busy_audio_channel): "obstacle ahead, 1.4 meters"
[18:01:35.636] [TTC]  keyboard#490(f79) ahead: dist=138cm vel=-21.7cm/s TTC=6.4s tier=AWARE ego=OK
[18:01:35.830] [VOICE_POLICY] keyboard#490(f80) ahead: dist=139cm raw_vel=-15.9cm/s eff_vel=-15.9cm/s ttc=8.7s score=179.2 tier=NONE reason=no_actionable_distance_or_ttc user=still ego=OK
[18:01:35.831] [TTC]  keyboard#490(f80) ahead: dist=139cm vel=-15.9cm/s TTC=8.7s tier=NONE ego=OK
[18:01:35.836] [VOICE] Dropped AWARE (busy_audio_channel): "obstacle ahead, 1.4 meters"
[18:01:35.836] [TTC]  keyboard#490(f80) ahead: dist=127cm vel=-21.2cm/s TTC=6.0s tier=AWARE ego=OK
[18:01:36.030] [TTC]  keyboard#490(f81) ahead: dist=130cm vel=-15.7cm/s TTC=8.3s tier=NONE ego=OK
[18:01:36.034] [VOICE_POLICY] keyboard#490(f81) ahead: dist=131cm raw_vel=-5.8cm/s eff_vel=0.0cm/s ttc=n/a score=6.3 tier=NONE reason=static_stationary_suppression user=still ego=OK
[18:01:36.679] [LATENCY] label=CLEAR text="keyboard stopped, 1.4 meters away" event_created=1779472892.429 enqueued=0.000s tts_start=0.001s play_start=0.042s play_end=4.223s queue_wait=0.001s synth=0.041s launch_wait=0.000s mode=espeak_alert cache=fallback cold_stream=yes silence_ms=220
[18:01:37.602] [VOICE] AWARE: "obstacle ahead, 1.4 meters"
[18:01:37.603] [TTC]  keyboard#490(f88) ahead: dist=127cm vel=-23.2cm/s TTC=5.5s tier=AWARE ego=OK
[18:01:37.899] [TTC]  keyboard#490(f89) ahead: dist=129cm vel=-33.9cm/s TTC=3.8s tier=WARN ego=OK
[18:01:37.903] [TTC]  keyboard#490(f89) ahead: dist=122cm vel=-40.7cm/s TTC=3.0s tier=WARN ego=OK
[18:01:38.100] [TTC]  keyboard#490(f90) ahead: dist=127cm vel=-32.9cm/s TTC=3.9s tier=WARN ego=OK
[18:01:38.104] [VOICE_POLICY] person#487(f99) ahead: dist=240cm raw_vel=-7.5cm/s eff_vel=0.0cm/s ttc=n/a score=3.0 tier=NONE reason=static_stationary_suppression user=still ego=OK
[18:01:39.070] [VOICE_POLICY] keyboard#490(f95) ahead: dist=150cm raw_vel=-1.9cm/s eff_vel=0.0cm/s ttc=n/a score=5.0 tier=NONE reason=static_stationary_suppression user=still ego=OK
[18:01:39.270] [TTC]  keyboard#490(f96) ahead: dist=127cm vel=-23.5cm/s TTC=5.4s tier=AWARE ego=OK
[18:01:39.466] [TTC]  keyboard#490(f97) ahead: dist=130cm vel=-36.4cm/s TTC=3.6s tier=WARN ego=OK
[18:01:39.470] [TTC]  keyboard#490(f97) ahead: dist=133cm vel=-44.2cm/s TTC=3.0s tier=WARN ego=OK
[18:01:39.667] [TTC]  keyboard#490(f98) ahead: dist=135cm vel=-31.9cm/s TTC=4.2s tier=AWARE ego=OK
[18:01:39.671] [VOICE_POLICY] keyboard#490(f98) ahead: dist=139cm raw_vel=-4.5cm/s eff_vel=0.0cm/s ttc=n/a score=4.0 tier=NONE reason=static_stationary_suppression user=still ego=OK
[18:01:40.638] [LATENCY] label=AWARE text="obstacle ahead, 1.4 meters" event_created=1779472897.603 enqueued=0.000s tts_start=0.001s play_start=0.003s play_end=3.035s queue_wait=0.001s synth=0.002s launch_wait=0.000s mode=clip_alert cache=hit cold_stream=no silence_ms=0
[18:01:40.638] [VOICE] WARN: "Watch out, obstacle ahead, 1.4 meters"
[18:01:41.268] [VOICE_POLICY] person#487(f115) ahead: dist=239cm raw_vel=5.9cm/s eff_vel=0.0cm/s ttc=n/a score=3.0 tier=NONE reason=static_stationary_suppression user=still ego=OK
[18:01:41.802] [VOICE_POLICY] keyboard#490(f109) ahead: dist=138cm raw_vel=0.3cm/s eff_vel=0.0cm/s ttc=n/a score=4.4 tier=NONE reason=static_stationary_suppression user=still ego=OK
[18:01:42.335] [VOICE_POLICY] person#487(f121) ahead: dist=240cm raw_vel=0.0cm/s eff_vel=0.0cm/s ttc=n/a score=3.3 tier=NONE reason=static_stationary_suppression user=still ego=OK
[18:01:42.543] [TTC]  keyboard#490(f112) ahead: dist=138cm vel=-18.7cm/s TTC=7.4s tier=AWARE ego=OK
[18:01:42.736] [TTC]  keyboard#490(f113) ahead: dist=135cm vel=-31.8cm/s TTC=4.2s tier=AWARE ego=OK
[18:01:42.765] [TTC]  keyboard#490(f113) ahead: dist=134cm vel=-38.7cm/s TTC=3.5s tier=WARN ego=OK
[18:01:43.041] [TTC]  keyboard#490(f113) ahead: dist=136cm vel=-26.8cm/s TTC=5.1s tier=AWARE ego=OK
[18:01:43.072] [TTC]  keyboard#490(f113) ahead: dist=125cm vel=-31.2cm/s TTC=4.0s tier=AWARE ego=OK
[18:01:43.875] [LATENCY] label=WARN text="Watch out, obstacle ahead, 1.4 meters" event_created=1779472899.471 enqueued=0.000s tts_start=1.169s play_start=1.171s play_end=4.404s queue_wait=1.169s synth=0.002s launch_wait=0.000s mode=clip_alert cache=hit cold_stream=no silence_ms=0
[18:01:43.968] [VOICE_POLICY] keyboard#490(f117) ahead: dist=136cm raw_vel=26.6cm/s eff_vel=26.6cm/s ttc=n/a score=0.9 tier=NONE reason=static_stationary_suppression user=still ego=OK
[18:01:44.410] [VOICE_POLICY] keyboard#490(f118) ahead: dist=128cm raw_vel=-15.2cm/s eff_vel=-15.2cm/s ttc=8.4s score=174.9 tier=NONE reason=no_actionable_distance_or_ttc user=still ego=OK
[18:01:44.410] [TTC]  keyboard#490(f118) ahead: dist=128cm vel=-15.2cm/s TTC=8.4s tier=NONE ego=OK
[18:01:44.635] [TTC]  keyboard#490(f119) ahead: dist=131cm vel=-17.6cm/s TTC=7.5s tier=AWARE ego=OK
[18:01:44.644] [TTC]  person#501(f5) ahead: dist=230cm vel=-34.4cm/s TTC=6.7s tier=AWARE ego=OK
[18:01:44.837] [TTC]  person#501(f5) ahead: dist=229cm vel=-41.6cm/s TTC=5.5s tier=AWARE ego=OK
[18:01:44.846] [TTC]  person#487(f128) on your right: dist=211cm vel=-48.0cm/s TTC=4.4s tier=AWARE ego=OK
[18:01:45.040] [TTC]  person#487(f129) on your right: dist=213cm vel=-51.7cm/s TTC=4.1s tier=AWARE ego=OK
[18:01:45.065] [TTC]  person#487(f129) on your right: dist=210cm vel=-45.9cm/s TTC=4.6s tier=AWARE ego=OK
[18:01:45.238] [TTC]  person#487(f130) on your right: dist=211cm vel=-34.5cm/s TTC=6.1s tier=AWARE ego=OK
[18:01:45.442] [VOICE_POLICY] person#487(f131) on your right: dist=206cm raw_vel=-1.3cm/s eff_vel=0.0cm/s ttc=n/a score=5.2 tier=NONE reason=static_stationary_suppression user=still ego=OK
[18:01:45.836] [VOICE_POLICY] person#487(f133) on your right: dist=198cm raw_vel=-21.9cm/s eff_vel=-21.9cm/s ttc=9.0s score=366.8 tier=NONE reason=no_actionable_distance_or_ttc user=still ego=OK
[18:01:45.837] [TTC]  person#487(f133) on your right: dist=198cm vel=-21.9cm/s TTC=9.0s tier=NONE ego=OK
[18:01:45.841] [TTC]  person#487(f133) ahead: dist=193cm vel=-27.2cm/s TTC=7.1s tier=AWARE ego=OK
[18:01:46.039] [TTC]  person#487(f134) ahead: dist=193cm vel=-28.2cm/s TTC=6.8s tier=AWARE ego=OK
[18:01:46.407] [TTC]  keyboard#490(f128) ahead: dist=128cm vel=-23.3cm/s TTC=5.5s tier=AWARE ego=OK
[18:01:46.605] [TTC]  keyboard#490(f129) ahead: dist=132cm vel=-17.3cm/s TTC=7.6s tier=AWARE ego=OK
[18:01:46.609] [VOICE_POLICY] keyboard#490(f129) ahead: dist=131cm raw_vel=-8.6cm/s eff_vel=0.0cm/s ttc=n/a score=6.3 tier=NONE reason=static_stationary_suppression user=still ego=OK
[18:01:47.506] [VOICE_POLICY] person#487(f142) ahead: dist=192cm raw_vel=-0.0cm/s eff_vel=0.0cm/s ttc=n/a score=5.9 tier=NONE reason=static_stationary_suppression user=still ego=OK
[18:01:48.780] [VOICE_POLICY] keyboard#490(f141) ahead: dist=131cm raw_vel=-15.0cm/s eff_vel=-15.0cm/s ttc=8.7s score=172.1 tier=NONE reason=no_actionable_distance_or_ttc user=still ego=OK
[18:01:48.780] [TTC]  keyboard#490(f141) ahead: dist=131cm vel=-15.0cm/s TTC=8.7s tier=NONE ego=OK
[18:01:49.007] [VOICE_POLICY] keyboard#490(f142) ahead: dist=133cm raw_vel=-9.5cm/s eff_vel=0.0cm/s ttc=n/a score=6.2 tier=NONE reason=static_stationary_suppression user=still ego=OK
[18:01:49.541] [VOICE_POLICY] person#487(f153) ahead: dist=192cm raw_vel=-0.3cm/s eff_vel=0.0cm/s ttc=n/a score=5.9 tier=NONE reason=static_stationary_suppression user=still ego=OK
[18:01:51.542] [VOICE_POLICY] person#487(f164) ahead: dist=192cm raw_vel=-4.7cm/s eff_vel=0.0cm/s ttc=n/a score=5.9 tier=NONE reason=static_stationary_suppression user=still ego=OK
[18:01:51.912] [VOICE_POLICY] keyboard#490(f157) ahead: dist=134cm raw_vel=-4.9cm/s eff_vel=0.0cm/s ttc=n/a score=5.9 tier=NONE reason=static_stationary_suppression user=still ego=OK
[18:01:53.709] [VOICE_POLICY] person#487(f176) ahead: dist=190cm raw_vel=-0.0cm/s eff_vel=0.0cm/s ttc=n/a score=6.1 tier=NONE reason=static_stationary_suppression user=still ego=OK
[18:01:54.943] [VOICE_POLICY] keyboard#490(f173) ahead: dist=133cm raw_vel=-0.0cm/s eff_vel=0.0cm/s ttc=n/a score=6.2 tier=NONE reason=static_stationary_suppression user=still ego=OK
[18:01:55.682] [VOICE_POLICY] person#487(f187) ahead: dist=193cm raw_vel=-0.0cm/s eff_vel=0.0cm/s ttc=n/a score=5.9 tier=NONE reason=static_stationary_suppression user=still ego=OK
[18:01:57.481] [VOICE_POLICY] keyboard#490(f187) ahead: dist=136cm raw_vel=0.0cm/s eff_vel=0.0cm/s ttc=n/a score=5.1 tier=NONE reason=static_stationary_suppression user=still ego=OK
[18:02:00.280] [VOICE_POLICY] keyboard#490(f201) ahead: dist=136cm raw_vel=-0.0cm/s eff_vel=0.0cm/s ttc=n/a score=4.7 tier=NONE reason=static_stationary_suppression user=still ego=OK
[18:02:02.283] [VOICE_POLICY] keyboard#490(f212) ahead: dist=135cm raw_vel=-0.0cm/s eff_vel=0.0cm/s ttc=n/a score=5.5 tier=NONE reason=static_stationary_suppression user=still ego=OK
[18:02:03.326] [VOICE_POLICY] person#487(f218) ahead: dist=265cm raw_vel=6.2cm/s eff_vel=0.0cm/s ttc=n/a score=1.8 tier=NONE reason=static_stationary_suppression user=still ego=OK
[18:02:04.258] [VOICE_POLICY] keyboard#490(f223) ahead: dist=135cm raw_vel=0.5cm/s eff_vel=0.0cm/s ttc=n/a score=5.5 tier=NONE reason=static_stationary_suppression user=still ego=OK
[18:02:07.085] [VOICE_POLICY] person#510(f7) ahead: dist=270cm raw_vel=0.0cm/s eff_vel=0.0cm/s ttc=n/a score=1.5 tier=NONE reason=static_stationary_suppression user=still ego=OK
[18:02:07.320] [VOICE_POLICY] keyboard#490(f239) ahead: dist=138cm raw_vel=5.4cm/s eff_vel=0.0cm/s ttc=n/a score=4.4 tier=NONE reason=static_stationary_suppression user=still ego=OK
[18:02:09.227] [VOICE_POLICY] keyboard#490(f249) ahead: dist=137cm raw_vel=2.7cm/s eff_vel=0.0cm/s ttc=n/a score=4.8 tier=NONE reason=static_stationary_suppression user=still ego=OK
[18:02:10.127] [VOICE_POLICY] person#510(f18) ahead: dist=269cm raw_vel=7.2cm/s eff_vel=0.0cm/s ttc=n/a score=1.6 tier=NONE reason=static_stationary_suppression user=still ego=OK
[18:02:11.387] [VOICE_POLICY] keyboard#490(f259) ahead: dist=122cm raw_vel=-4.7cm/s eff_vel=0.0cm/s ttc=n/a score=9.3 tier=NONE reason=static_stationary_suppression user=still ego=OK
[18:02:11.391] [VOICE_POLICY] keyboard#490(f259) ahead: dist=116cm raw_vel=-13.4cm/s eff_vel=-13.4cm/s ttc=8.7s score=144.9 tier=NONE reason=no_actionable_distance_or_ttc user=still ego=OK
[18:02:11.392] [TTC]  keyboard#490(f259) ahead: dist=116cm vel=-13.4cm/s TTC=8.7s tier=NONE ego=OK
[18:02:11.591] [VOICE_POLICY] person#510(f23) ahead: dist=234cm raw_vel=-22.7cm/s eff_vel=-22.7cm/s ttc=10.3s score=343.1 tier=NONE reason=no_actionable_distance_or_ttc user=still ego=OK
[18:02:11.591] [TTC]  person#510(f23) ahead: dist=234cm vel=-22.7cm/s TTC=10.3s tier=NONE ego=OK
[18:02:11.597] [VOICE] CLEAR: "keyboard stopped, 1.2 meters away"
[18:02:12.324] [VOICE] Dropped AWARE (busy_audio_channel): "person on your left, 1.4 meters"
[18:02:12.324] [VOICE_POLICY] person#514(f4) on your left: dist=136cm raw_vel=10.0cm/s eff_vel=0.0cm/s ttc=n/a score=7.0 tier=AWARENESS reason=side_pass_awareness user=still ego=BAD
[18:02:12.333] [VOICE] Dropped AWARE (busy_audio_channel): "person on your left, 1.4 meters"
[18:02:12.725] [VOICE] Dropped AWARE (busy_audio_channel): "person on your left, 1.4 meters"
[18:02:12.958] [VOICE] Dropped AWARE (busy_audio_channel): "person on your left, 1.7 meters"
[18:02:12.958] [VOICE_POLICY] person#514(f4) on your left: dist=150cm raw_vel=25.2cm/s eff_vel=0.0cm/s ttc=n/a score=7.5 tier=AWARENESS reason=side_pass_awareness user=still ego=BAD
[18:02:12.964] [VOICE] Dropped AWARE (busy_audio_channel): "person on your left, 1.4 meters"
[18:02:13.493] [VOICE_POLICY] keyboard#490(f266) ahead: dist=135cm raw_vel=-30.8cm/s eff_vel=0.0cm/s ttc=n/a score=5.5 tier=NONE reason=static_stationary_suppression user=still ego=BAD
[18:02:14.564] [VOICE_POLICY] person#517(f4) ahead: dist=268cm raw_vel=5.7cm/s eff_vel=0.0cm/s ttc=n/a score=1.6 tier=NONE reason=static_stationary_suppression user=still ego=OK
[18:02:15.496] [VOICE_POLICY] keyboard#490(f275) ahead: dist=145cm raw_vel=2.7cm/s eff_vel=0.0cm/s ttc=n/a score=1.8 tier=NONE reason=static_stationary_suppression user=still ego=BAD
[18:02:15.768] [LATENCY] label=CLEAR text="keyboard stopped, 1.2 meters away" event_created=1779472931.597 enqueued=0.000s tts_start=0.001s play_start=0.104s play_end=4.170s queue_wait=0.001s synth=0.104s launch_wait=0.000s mode=espeak_alert cache=fallback cold_stream=yes silence_ms=220
[18:02:16.427] [VOICE_POLICY] keyboard#490(f280) ahead: dist=130cm raw_vel=-14.1cm/s eff_vel=-14.1cm/s ttc=9.2s score=147.6 tier=NONE reason=no_actionable_distance_or_ttc user=still ego=OK
[18:02:16.427] [TTC]  keyboard#490(f280) ahead: dist=130cm vel=-14.1cm/s TTC=9.2s tier=NONE ego=OK
[18:02:16.628] [TTC]  keyboard#490(f281) ahead: dist=134cm vel=-12.7cm/s TTC=10.5s tier=NONE ego=OK
[18:02:16.634] [VOICE] AWARE: "obstacle ahead, 1.4 meters"
[18:02:16.635] [TTC]  keyboard#490(f281) ahead: dist=126cm vel=-30.5cm/s TTC=4.1s tier=AWARE ego=OK
[18:02:16.927] [TTC]  keyboard#490(f282) ahead: dist=133cm vel=-17.9cm/s TTC=7.4s tier=AWARE ego=OK
[18:02:17.726] [VOICE_POLICY] keyboard#490(f282) ahead: dist=122cm raw_vel=-28.1cm/s eff_vel=0.0cm/s ttc=n/a score=9.3 tier=NONE reason=static_stationary_suppression user=still ego=BAD
[18:02:17.931] [VOICE_POLICY] keyboard#522(f3) on your left: dist=131cm raw_vel=9.0cm/s eff_vel=0.0cm/s ttc=n/a score=7.0 tier=NONE reason=static_stationary_suppression user=still ego=BAD
[18:02:18.493] [VOICE_POLICY] person#524(f3) on your left: dist=138cm raw_vel=-67.7cm/s eff_vel=0.0cm/s ttc=n/a score=6.6 tier=AWARENESS reason=side_pass_awareness user=still ego=BAD
[18:02:19.720] [LATENCY] label=AWARE text="obstacle ahead, 1.4 meters" event_created=1779472936.635 enqueued=0.000s tts_start=0.001s play_start=0.021s play_end=3.085s queue_wait=0.001s synth=0.020s launch_wait=0.000s mode=clip_alert cache=hit cold_stream=no silence_ms=0
[18:02:19.969] [VOICE_POLICY] keyboard#522(f8) ahead: dist=134cm raw_vel=3.6cm/s eff_vel=0.0cm/s ttc=n/a score=5.9 tier=NONE reason=static_stationary_suppression user=still ego=BAD
[18:02:22.063] [VOICE_POLICY] keyboard#522(f19) ahead: dist=136cm raw_vel=-5.2cm/s eff_vel=0.0cm/s ttc=n/a score=5.1 tier=NONE reason=static_stationary_suppression user=still ego=OK
[18:02:22.634] [TTC]  keyboard#522(f21) ahead: dist=130cm vel=-17.0cm/s TTC=7.7s tier=AWARE ego=OK
[18:02:22.831] [TTC]  keyboard#522(f22) ahead: dist=132cm vel=-21.3cm/s TTC=6.2s tier=AWARE ego=OK
[18:02:23.033] [VOICE_POLICY] person#527(f13) ahead: dist=260cm raw_vel=2.4cm/s eff_vel=0.0cm/s ttc=n/a score=2.0 tier=NONE reason=static_stationary_suppression user=still ego=OK
[18:02:24.005] [VOICE_POLICY] keyboard#522(f26) ahead: dist=121cm raw_vel=-30.4cm/s eff_vel=0.0cm/s ttc=n/a score=10.6 tier=NONE reason=static_stationary_suppression user=still ego=BAD
[18:02:24.374] [VOICE_POLICY] person#527(f18) ahead: dist=244cm raw_vel=-28.8cm/s eff_vel=-28.8cm/s ttc=8.5s score=435.1 tier=NONE reason=no_actionable_distance_or_ttc user=still ego=OK
[18:02:24.375] [TTC]  person#527(f18) ahead: dist=244cm vel=-28.8cm/s TTC=8.5s tier=NONE ego=OK
[18:02:25.303] [VOICE_POLICY] keyboard#522(f33) ahead: dist=133cm raw_vel=-15.3cm/s eff_vel=-15.3cm/s ttc=8.7s score=158.3 tier=NONE reason=no_actionable_distance_or_ttc user=still ego=OK
[18:02:25.303] [TTC]  keyboard#522(f33) ahead: dist=133cm vel=-15.3cm/s TTC=8.7s tier=NONE ego=OK
[18:02:26.067] [VOICE_POLICY] keyboard#522(f37) ahead: dist=131cm raw_vel=-0.1cm/s eff_vel=0.0cm/s ttc=n/a score=7.0 tier=NONE reason=static_stationary_suppression user=still ego=OK
[18:02:26.071] [VOICE] URGENT: "obstacle ahead, 0.2 meters"
[18:02:26.072] [TTC]  keyboard#522(f37) ahead: dist=16cm vel=-118.1cm/s TTC=0.1s tier=URGENT ego=OK
[18:02:26.933] [VOICE_POLICY] person#529(f3) on your left: dist=155cm raw_vel=46.3cm/s eff_vel=0.0cm/s ttc=n/a score=8.0 tier=NONE reason=static_stationary_suppression user=still ego=BAD
[18:02:27.333] [VOICE_POLICY] person#529(f4) on your left: dist=182cm raw_vel=52.5cm/s eff_vel=0.0cm/s ttc=n/a score=5.9 tier=NONE reason=static_stationary_suppression user=still ego=BAD
[18:02:27.700] [VOICE] Dropped AWARE (busy_audio_channel): "person on your left, 1.7 meters"
[18:02:27.700] [TTC]  person#529(f5) on your left: dist=155cm vel=-37.5cm/s TTC=4.1s tier=AWARE ego=OK
[18:02:27.706] [TTC]  person#529(f5) on your left: dist=156cm vel=-47.5cm/s TTC=3.3s tier=WARN ego=OK
[18:02:28.143] [VOICE_POLICY] keyboard#522(f46) ahead: dist=131cm raw_vel=0.0cm/s eff_vel=0.0cm/s ttc=n/a score=6.3 tier=NONE reason=static_stationary_suppression user=still ego=OK
[18:02:29.005] [VOICE_POLICY] person#529(f8) on your left: dist=102cm raw_vel=-81.6cm/s eff_vel=-81.6cm/s ttc=1.3s score=600.0 tier=WARNING reason=side_pass_warning user=still ego=OK
[18:02:29.005] [TTC]  person#529(f8) on your left: dist=102cm vel=-81.6cm/s TTC=1.3s tier=URGENT ego=OK
[18:02:29.031] [VOICE] Dropped AWARE (busy_audio_channel): "person on your left, 1.7 meters"
[18:02:29.031] [TTC]  person#529(f8) on your left: dist=176cm vel=-38.0cm/s TTC=4.6s tier=AWARE ego=OK
[18:02:29.236] [LATENCY] label=URGENT text="obstacle ahead, 0.2 meters" event_created=1779472946.072 enqueued=0.000s tts_start=0.001s play_start=0.026s play_end=3.165s queue_wait=0.001s synth=0.025s launch_wait=0.000s mode=clip_alert cache=hit cold_stream=yes silence_ms=220
[18:02:29.237] [VOICE] URGENT: "Watch out, person on your left, 1.1 meters"
[18:02:29.408] [VOICE_POLICY] person#529(f8) on your left: dist=185cm raw_vel=-16.3cm/s eff_vel=-16.3cm/s ttc=11.4s score=249.9 tier=NONE reason=no_actionable_distance_or_ttc user=still ego=OK
[18:02:29.408] [TTC]  person#529(f8) on your left: dist=185cm vel=-16.3cm/s TTC=11.4s tier=NONE ego=OK
[18:02:29.437] [VOICE_POLICY] person#529(f8) on your left: dist=180cm raw_vel=-5.4cm/s eff_vel=0.0cm/s ttc=n/a score=6.0 tier=NONE reason=static_stationary_suppression user=still ego=OK
[18:02:29.665] [VOICE] Dropped AWARE (busy_audio_channel): "person on your left, 1.4 meters"
[18:02:29.665] [VOICE_POLICY] person#531(f4) on your left: dist=144cm raw_vel=5.2cm/s eff_vel=0.0cm/s ttc=n/a score=3.3 tier=AWARENESS reason=side_pass_awareness user=still ego=OK
[18:02:29.671] [VOICE_POLICY] person#531(f4) on your left: dist=156cm raw_vel=5.1cm/s eff_vel=0.0cm/s ttc=n/a score=7.9 tier=NONE reason=static_stationary_suppression user=still ego=OK
[18:02:29.907] [VOICE] Dropped AWARE (busy_audio_channel): "person on your left, 1.4 meters"
[18:02:30.332] [TTC]  keyboard#522(f55) ahead: dist=136cm vel=-39.2cm/s TTC=3.5s tier=WARN ego=OK
[18:02:30.767] [TTC]  keyboard#522(f56) ahead: dist=120cm vel=-46.0cm/s TTC=2.6s tier=WARN ego=BAD
[18:02:31.570] [VOICE_POLICY] keyboard#522(f60) ahead: dist=136cm raw_vel=11.6cm/s eff_vel=0.0cm/s ttc=n/a score=5.1 tier=NONE reason=static_stationary_suppression user=still ego=BAD
[18:02:32.608] [LATENCY] label=URGENT text="Watch out, person on your left, 1.1 mete" event_created=1779472949.005 enqueued=0.000s tts_start=0.234s play_start=0.238s play_end=3.602s queue_wait=0.234s synth=0.004s launch_wait=0.000s mode=clip_alert cache=hit cold_stream=no silence_ms=0
[18:02:32.611] [VOICE] WARN: "obstacle ahead, 1.4 meters"
[18:02:33.509] [VOICE_POLICY] keyboard#522(f70) ahead: dist=135cm raw_vel=0.0cm/s eff_vel=0.0cm/s ttc=n/a score=5.5 tier=NONE reason=static_stationary_suppression user=still ego=OK
[18:02:34.239] [VOICE_POLICY] person#532(f18) ahead: dist=269cm raw_vel=6.8cm/s eff_vel=0.0cm/s ttc=n/a score=1.6 tier=NONE reason=static_stationary_suppression user=still ego=OK
[18:02:35.618] [LATENCY] label=WARN text="obstacle ahead, 1.4 meters" event_created=1779472950.767 enqueued=0.000s tts_start=1.845s play_start=1.848s play_end=4.851s queue_wait=1.845s synth=0.002s launch_wait=0.000s mode=clip_alert cache=hit cold_stream=no silence_ms=0
[18:02:35.676] [VOICE_POLICY] keyboard#522(f82) ahead: dist=135cm raw_vel=3.6cm/s eff_vel=0.0cm/s ttc=n/a score=5.5 tier=NONE reason=static_stationary_suppression user=still ego=OK
[18:02:37.648] [VOICE_POLICY] keyboard#522(f93) ahead: dist=133cm raw_vel=-7.6cm/s eff_vel=0.0cm/s ttc=n/a score=6.2 tier=NONE reason=static_stationary_suppression user=still ego=OK
[18:02:38.974] [VOICE_POLICY] person#532(f44) ahead: dist=268cm raw_vel=8.4cm/s eff_vel=0.0cm/s ttc=n/a score=1.6 tier=NONE reason=static_stationary_suppression user=still ego=OK
[18:02:39.712] [VOICE_POLICY] keyboard#522(f104) ahead: dist=130cm raw_vel=0.9cm/s eff_vel=0.0cm/s ttc=n/a score=7.3 tier=NONE reason=static_stationary_suppression user=still ego=OK
[18:02:39.913] [VOICE] AWARE: "obstacle ahead, 1.1 meters"
[18:02:39.914] [TTC]  keyboard#522(f104) ahead: dist=118cm vel=-20.0cm/s TTC=5.9s tier=AWARE ego=OK
[18:02:40.210] [TTC]  keyboard#522(f105) ahead: dist=126cm vel=-20.5cm/s TTC=6.1s tier=AWARE ego=OK
[18:02:41.810] [VOICE_POLICY] keyboard#522(f114) ahead: dist=133cm raw_vel=-1.2cm/s eff_vel=0.0cm/s ttc=n/a score=6.2 tier=NONE reason=static_stationary_suppression user=still ego=OK
[18:02:41.815] [VOICE_POLICY] keyboard#522(f114) ahead: dist=128cm raw_vel=-12.0cm/s eff_vel=-12.0cm/s ttc=10.7s score=140.0 tier=NONE reason=no_actionable_distance_or_ttc user=still ego=OK
[18:02:41.815] [TTC]  keyboard#522(f114) ahead: dist=128cm vel=-12.0cm/s TTC=10.7s tier=NONE ego=OK
[18:02:42.011] [TTC]  keyboard#522(f114) ahead: dist=126cm vel=-18.3cm/s TTC=6.9s tier=AWARE ego=OK
[18:02:42.015] [TTC]  keyboard#522(f114) ahead: dist=118cm vel=-22.6cm/s TTC=5.2s tier=AWARE ego=OK
[18:02:43.212] [LATENCY] label=AWARE text="obstacle ahead, 1.1 meters" event_created=1779472959.914 enqueued=0.000s tts_start=0.001s play_start=0.027s play_end=3.298s queue_wait=0.001s synth=0.026s launch_wait=0.000s mode=clip_alert cache=hit cold_stream=yes silence_ms=220
[18:02:43.785] [VOICE_POLICY] keyboard#522(f122) ahead: dist=129cm raw_vel=-1.5cm/s eff_vel=0.0cm/s ttc=n/a score=7.7 tier=NONE reason=static_stationary_suppression user=still ego=OK
[18:02:43.984] [VOICE_POLICY] person#532(f69) ahead: dist=265cm raw_vel=-0.4cm/s eff_vel=0.0cm/s ttc=n/a score=1.8 tier=NONE reason=static_stationary_suppression user=still ego=OK
[18:02:45.980] [VOICE_POLICY] keyboard#522(f134) ahead: dist=136cm raw_vel=-4.4cm/s eff_vel=0.0cm/s ttc=n/a score=5.1 tier=NONE reason=static_stationary_suppression user=still ego=OK
[18:02:47.386] [VOICE_POLICY] keyboard#522(f142) ahead: dist=128cm raw_vel=-15.1cm/s eff_vel=-15.1cm/s ttc=8.5s score=174.4 tier=NONE reason=no_actionable_distance_or_ttc user=still ego=OK
[18:02:47.386] [TTC]  keyboard#522(f142) ahead: dist=128cm vel=-15.1cm/s TTC=8.5s tier=NONE ego=OK
[18:02:47.582] [VOICE] CLEAR: "keyboard stopped, 1.3 meters away"
[18:02:47.921] [VOICE_POLICY] person#532(f89) ahead: dist=252cm raw_vel=-5.8cm/s eff_vel=0.0cm/s ttc=n/a score=2.6 tier=NONE reason=static_stationary_suppression user=still ego=OK
[18:02:48.682] [VOICE_POLICY] keyboard#522(f146) ahead: dist=134cm raw_vel=-3.8cm/s eff_vel=0.0cm/s ttc=n/a score=5.9 tier=NONE reason=static_stationary_suppression user=still ego=OK
[18:02:48.688] [TTC]  keyboard#522(f146) ahead: dist=134cm vel=-13.2cm/s TTC=10.1s tier=NONE ego=OK
[18:02:50.718] [VOICE_POLICY] keyboard#522(f157) ahead: dist=138cm raw_vel=-2.9cm/s eff_vel=0.0cm/s ttc=n/a score=4.0 tier=NONE reason=static_stationary_suppression user=still ego=OK
[18:02:50.921] [VOICE_POLICY] keyboard#522(f158) ahead: dist=133cm raw_vel=-15.7cm/s eff_vel=-15.7cm/s ttc=8.5s score=163.0 tier=NONE reason=no_actionable_distance_or_ttc user=still ego=OK
[18:02:50.922] [TTC]  keyboard#522(f158) ahead: dist=133cm vel=-15.7cm/s TTC=8.5s tier=NONE ego=OK
[18:02:51.121] [TTC]  keyboard#522(f159) ahead: dist=134cm vel=-11.9cm/s TTC=11.3s tier=NONE ego=OK
[18:02:51.725] [TTC]  keyboard#522(f162) ahead: dist=131cm vel=-14.7cm/s TTC=8.9s tier=NONE ego=OK
[18:02:51.769] [LATENCY] label=CLEAR text="keyboard stopped, 1.3 meters away" event_created=1779472967.583 enqueued=0.000s tts_start=0.001s play_start=0.076s play_end=4.186s queue_wait=0.001s synth=0.075s launch_wait=0.000s mode=espeak_alert cache=fallback cold_stream=yes silence_ms=220
[18:02:51.959] [VOICE] AWARE: "obstacle ahead, 1.4 meters"
[18:02:51.959] [TTC]  keyboard#522(f163) ahead: dist=133cm vel=-18.4cm/s TTC=7.2s tier=AWARE ego=OK
[18:02:52.456] [TTC]  keyboard#522(f165) ahead: dist=125cm vel=-11.5cm/s TTC=10.9s tier=NONE ego=OK
[18:02:52.820] [VOICE_POLICY] keyboard#522(f167) ahead: dist=132cm raw_vel=-1.9cm/s eff_vel=0.0cm/s ttc=n/a score=6.6 tier=NONE reason=static_stationary_suppression user=still ego=OK
[18:02:53.023] [VOICE_POLICY] person#532(f115) ahead: dist=261cm raw_vel=7.4cm/s eff_vel=0.0cm/s ttc=n/a score=2.0 tier=NONE reason=static_stationary_suppression user=still ego=OK
[18:02:54.791] [VOICE_POLICY] keyboard#522(f178) ahead: dist=134cm raw_vel=-3.7cm/s eff_vel=0.0cm/s ttc=n/a score=5.9 tier=NONE reason=static_stationary_suppression user=still ego=OK
[18:02:54.991] [LATENCY] label=AWARE text="obstacle ahead, 1.4 meters" event_created=1779472971.959 enqueued=0.000s tts_start=0.001s play_start=0.002s play_end=3.032s queue_wait=0.001s synth=0.002s launch_wait=0.000s mode=clip_alert cache=hit cold_stream=no silence_ms=0
[18:02:56.792] [VOICE_POLICY] keyboard#522(f189) ahead: dist=135cm raw_vel=-2.3cm/s eff_vel=0.0cm/s ttc=n/a score=5.0 tier=NONE reason=static_stationary_suppression user=still ego=OK
[18:02:57.359] [VOICE_POLICY] keyboard#522(f190) ahead: dist=123cm raw_vel=-13.2cm/s eff_vel=-13.2cm/s ttc=9.3s score=140.9 tier=NONE reason=no_actionable_distance_or_ttc user=still ego=OK
[18:02:57.360] [TTC]  keyboard#522(f190) ahead: dist=123cm vel=-13.2cm/s TTC=9.3s tier=NONE ego=OK
[18:02:57.889] [VOICE_POLICY] person#532(f142) ahead: dist=265cm raw_vel=6.3cm/s eff_vel=0.0cm/s ttc=n/a score=1.8 tier=NONE reason=static_stationary_suppression user=still ego=OK
[18:02:58.794] [VOICE_POLICY] keyboard#522(f198) ahead: dist=136cm raw_vel=0.0cm/s eff_vel=0.0cm/s ttc=n/a score=5.1 tier=NONE reason=static_stationary_suppression user=still ego=OK
[18:03:00.893] [VOICE_POLICY] keyboard#522(f210) ahead: dist=135cm raw_vel=-0.8cm/s eff_vel=0.0cm/s ttc=n/a score=5.5 tier=NONE reason=static_stationary_suppression user=still ego=OK
[18:03:00.897] [VOICE_POLICY] person#532(f155) ahead: dist=268cm raw_vel=-2.4cm/s eff_vel=0.0cm/s ttc=n/a score=1.6 tier=NONE reason=static_stationary_suppression user=still ego=OK
[18:03:01.425] [VOICE_POLICY] keyboard#522(f212) ahead: dist=137cm raw_vel=-13.9cm/s eff_vel=-13.9cm/s ttc=9.9s score=157.7 tier=NONE reason=no_actionable_distance_or_ttc user=still ego=OK
[18:03:01.425] [TTC]  keyboard#522(f212) ahead: dist=137cm vel=-13.9cm/s TTC=9.9s tier=NONE ego=OK
[18:03:01.430] [TTC]  keyboard#522(f212) ahead: dist=136cm vel=-20.0cm/s TTC=6.8s tier=AWARE ego=OK
[18:03:01.635] [TTC]  keyboard#522(f212) ahead: dist=134cm vel=-19.8cm/s TTC=6.8s tier=AWARE ego=OK
[18:03:01.662] [TTC]  keyboard#522(f212) ahead: dist=127cm vel=-24.0cm/s TTC=5.3s tier=AWARE ego=OK
[18:03:01.895] [TTC]  keyboard#522(f212) ahead: dist=128cm vel=-23.1cm/s TTC=5.5s tier=AWARE ego=OK
[18:03:02.893] [VOICE_POLICY] keyboard#522(f216) ahead: dist=139cm raw_vel=-3.4cm/s eff_vel=0.0cm/s ttc=n/a score=4.0 tier=NONE reason=static_stationary_suppression user=still ego=OK
[18:03:03.128] [VOICE_POLICY] person#532(f165) ahead: dist=269cm raw_vel=-9.8cm/s eff_vel=0.0cm/s ttc=n/a score=1.6 tier=NONE reason=static_stationary_suppression user=still ego=OK
[18:03:03.330] [VOICE] AWARE: "obstacle ahead, 1.4 meters"
[18:03:03.330] [TTC]  keyboard#522(f218) ahead: dist=131cm vel=-19.0cm/s TTC=6.9s tier=AWARE ego=OK
[18:03:03.626] [VOICE_POLICY] keyboard#522(f219) ahead: dist=133cm raw_vel=-12.4cm/s eff_vel=-12.4cm/s ttc=10.7s score=142.7 tier=NONE reason=no_actionable_distance_or_ttc user=still ego=OK
[18:03:03.626] [TTC]  keyboard#522(f219) ahead: dist=133cm vel=-12.4cm/s TTC=10.7s tier=NONE ego=OK
[18:03:03.630] [TTC]  keyboard#522(f219) ahead: dist=133cm vel=-21.9cm/s TTC=6.1s tier=AWARE ego=OK
[18:03:03.827] [TTC]  keyboard#522(f220) ahead: dist=137cm vel=-13.9cm/s TTC=9.9s tier=NONE ego=OK
[18:03:04.768] [TTC]  keyboard#522(f224) ahead: dist=129cm vel=-13.2cm/s TTC=9.8s tier=NONE ego=OK
[18:03:05.132] [VOICE_POLICY] person#532(f172) ahead: dist=269cm raw_vel=0.5cm/s eff_vel=0.0cm/s ttc=n/a score=1.6 tier=NONE reason=static_stationary_suppression user=still ego=OK
[18:03:05.495] [VOICE_POLICY] keyboard#522(f228) ahead: dist=142cm raw_vel=-5.8cm/s eff_vel=0.0cm/s ttc=n/a score=2.9 tier=NONE reason=static_stationary_suppression user=still ego=OK
[18:03:05.499] [TTC]  keyboard#522(f228) ahead: dist=131cm vel=-24.3cm/s TTC=5.4s tier=AWARE ego=OK
[18:03:05.694] [TTC]  keyboard#522(f229) ahead: dist=132cm vel=-35.3cm/s TTC=3.7s tier=WARN ego=OK
[18:03:05.698] [TTC]  keyboard#522(f229) ahead: dist=129cm vel=-46.5cm/s TTC=2.8s tier=WARN ego=OK
[18:03:05.895] [TTC]  keyboard#522(f230) ahead: dist=132cm vel=-40.1cm/s TTC=3.3s tier=WARN ego=OK
[18:03:05.899] [VOICE_POLICY] keyboard#522(f230) ahead: dist=139cm raw_vel=-14.3cm/s eff_vel=-14.3cm/s ttc=9.8s score=160.8 tier=NONE reason=no_actionable_distance_or_ttc user=still ego=OK
[18:03:05.899] [TTC]  keyboard#522(f230) ahead: dist=139cm vel=-14.3cm/s TTC=9.8s tier=NONE ego=OK
[18:03:06.267] [TTC]  keyboard#522(f232) ahead: dist=127cm vel=-17.6cm/s TTC=7.2s tier=AWARE ego=OK
[18:03:06.630] [LATENCY] label=AWARE text="obstacle ahead, 1.4 meters" event_created=1779472983.330 enqueued=0.000s tts_start=0.001s play_start=0.027s play_end=3.276s queue_wait=0.001s synth=0.027s launch_wait=0.000s mode=clip_alert cache=hit cold_stream=yes silence_ms=220
[18:03:06.632] [VOICE] WARN: "Watch out, obstacle ahead, 1.4 meters"
[18:03:07.233] [VOICE_POLICY] person#532(f182) ahead: dist=265cm raw_vel=-4.0cm/s eff_vel=0.0cm/s ttc=n/a score=1.8 tier=NONE reason=static_stationary_suppression user=still ego=OK
[18:03:07.764] [VOICE_POLICY] keyboard#522(f238) ahead: dist=142cm raw_vel=-8.7cm/s eff_vel=0.0cm/s ttc=n/a score=2.7 tier=NONE reason=static_stationary_suppression user=still ego=OK
[18:03:07.769] [TTC]  keyboard#522(f238) ahead: dist=148cm vel=-12.7cm/s TTC=11.6s tier=NONE ego=OK
[18:03:07.995] [VOICE_POLICY] keyboard#522(f239) ahead: dist=141cm raw_vel=-14.7cm/s eff_vel=-14.7cm/s ttc=9.6s score=165.4 tier=NONE reason=no_actionable_distance_or_ttc user=still ego=OK
[18:03:07.995] [TTC]  keyboard#522(f239) ahead: dist=141cm vel=-14.7cm/s TTC=9.6s tier=NONE ego=OK
[18:03:07.999] [TTC]  keyboard#522(f239) ahead: dist=139cm vel=-22.5cm/s TTC=6.2s tier=AWARE ego=OK
[18:03:08.198] [TTC]  keyboard#522(f240) ahead: dist=139cm vel=-16.4cm/s TTC=8.5s tier=NONE ego=OK
[18:03:08.201] [TTC]  keyboard#522(f240) ahead: dist=142cm vel=-12.1cm/s TTC=11.7s tier=NONE ego=OK
[18:03:08.400] [VOICE] Dropped CLEAR (busy_audio_channel): "keyboard stopped, 1.4 meters away"
[18:03:08.404] [VOICE_POLICY] person#532(f188) on your right: dist=251cm raw_vel=-21.1cm/s eff_vel=-21.1cm/s ttc=11.9s score=318.4 tier=NONE reason=no_actionable_distance_or_ttc user=still ego=OK
[18:03:08.404] [TTC]  person#532(f188) on your right: dist=251cm vel=-21.1cm/s TTC=11.9s tier=NONE ego=OK
[18:03:08.631] [TTC]  person#532(f188) on your right: dist=251cm vel=-37.6cm/s TTC=6.7s tier=AWARE ego=OK
[18:03:08.635] [TTC]  person#532(f188) on your right: dist=242cm vel=-51.0cm/s TTC=4.7s tier=AWARE ego=OK
[18:03:08.832] [TTC]  person#532(f189) on your right: dist=259cm vel=-27.5cm/s TTC=9.4s tier=NONE ego=OK
[18:03:09.236] [VOICE_POLICY] person#532(f191) ahead: dist=241cm raw_vel=-12.8cm/s eff_vel=0.0cm/s ttc=n/a score=3.2 tier=NONE reason=static_stationary_suppression user=still ego=OK
[18:03:09.863] [LATENCY] label=WARN text="Watch out, obstacle ahead, 1.4 meters" event_created=1779472985.895 enqueued=0.000s tts_start=0.739s play_start=0.742s play_end=3.968s queue_wait=0.739s synth=0.003s launch_wait=0.000s mode=clip_alert cache=hit cold_stream=no silence_ms=0
[18:03:10.771] [VOICE_POLICY] keyboard#522(f253) ahead: dist=137cm raw_vel=0.1cm/s eff_vel=0.0cm/s ttc=n/a score=4.8 tier=NONE reason=static_stationary_suppression user=still ego=OK
[18:03:11.299] [VOICE_POLICY] person#532(f199) on your right: dist=258cm raw_vel=4.3cm/s eff_vel=0.0cm/s ttc=n/a score=2.1 tier=NONE reason=static_stationary_suppression user=still ego=OK
[18:03:12.003] [TTC]  keyboard#522(f260) ahead: dist=134cm vel=-23.7cm/s TTC=5.6s tier=AWARE ego=OK
[18:03:12.199] [TTC]  keyboard#522(f261) ahead: dist=136cm vel=-17.1cm/s TTC=8.0s tier=AWARE ego=OK
[18:03:12.203] [VOICE_POLICY] keyboard#522(f261) ahead: dist=135cm raw_vel=-13.9cm/s eff_vel=-13.9cm/s ttc=9.7s score=143.9 tier=NONE reason=no_actionable_distance_or_ttc user=still ego=OK
[18:03:12.203] [TTC]  keyboard#522(f261) ahead: dist=135cm vel=-13.9cm/s TTC=9.7s tier=NONE ego=OK
[18:03:12.399] [TTC]  keyboard#522(f262) ahead: dist=135cm vel=-12.3cm/s TTC=11.0s tier=NONE ego=OK
[18:03:12.403] [TTC]  keyboard#522(f262) ahead: dist=133cm vel=-11.3cm/s TTC=11.7s tier=NONE ego=OK
[18:03:12.770] [VOICE_POLICY] keyboard#522(f264) ahead: dist=138cm raw_vel=-1.1cm/s eff_vel=0.0cm/s ttc=n/a score=4.0 tier=NONE reason=static_stationary_suppression user=still ego=OK
[18:03:14.671] [VOICE_POLICY] person#532(f217) ahead: dist=267cm raw_vel=-0.3cm/s eff_vel=0.0cm/s ttc=n/a score=1.7 tier=NONE reason=static_stationary_suppression user=still ego=OK
[18:03:15.072] [VOICE_POLICY] keyboard#522(f273) ahead: dist=135cm raw_vel=-5.7cm/s eff_vel=0.0cm/s ttc=n/a score=5.5 tier=NONE reason=static_stationary_suppression user=still ego=OK
[18:03:15.269] [VOICE] AWARE: "obstacle ahead, 1.4 meters"
[18:03:15.269] [TTC]  keyboard#522(f273) ahead: dist=133cm vel=-21.7cm/s TTC=6.1s tier=AWARE ego=OK
[18:03:15.275] [TTC]  keyboard#522(f273) ahead: dist=130cm vel=-31.4cm/s TTC=4.1s tier=AWARE ego=OK
[18:03:15.569] [TTC]  keyboard#522(f274) ahead: dist=132cm vel=-23.4cm/s TTC=5.6s tier=AWARE ego=OK
[18:03:15.573] [VOICE_POLICY] keyboard#522(f274) ahead: dist=131cm raw_vel=-11.7cm/s eff_vel=-11.7cm/s ttc=11.2s score=123.4 tier=NONE reason=no_actionable_distance_or_ttc user=still ego=OK
[18:03:15.573] [TTC]  keyboard#522(f274) ahead: dist=131cm vel=-11.7cm/s TTC=11.2s tier=NONE ego=OK
[18:03:15.769] [VOICE] Dropped CLEAR (busy_audio_channel): "keyboard stopped, 1.4 meters away"
[18:03:17.212] [VOICE_POLICY] keyboard#522(f283) ahead: dist=139cm raw_vel=-0.2cm/s eff_vel=0.0cm/s ttc=n/a score=4.0 tier=NONE reason=static_stationary_suppression user=still ego=OK
[18:03:17.941] [VOICE_POLICY] keyboard#522(f287) ahead: dist=125cm raw_vel=-14.7cm/s eff_vel=-14.7cm/s ttc=8.5s score=155.4 tier=NONE reason=no_actionable_distance_or_ttc user=still ego=OK
[18:03:17.941] [TTC]  keyboard#522(f287) ahead: dist=125cm vel=-14.7cm/s TTC=8.5s tier=NONE ego=OK
[18:03:18.141] [TTC]  keyboard#522(f288) ahead: dist=126cm vel=-12.2cm/s TTC=10.4s tier=NONE ego=OK
[18:03:18.515] [LATENCY] label=AWARE text="obstacle ahead, 1.4 meters" event_created=1779472995.269 enqueued=0.000s tts_start=0.001s play_start=0.008s play_end=3.246s queue_wait=0.001s synth=0.008s launch_wait=0.000s mode=clip_alert cache=hit cold_stream=yes silence_ms=220
[18:03:19.170] [VOICE_POLICY] person#532(f237) ahead: dist=263cm raw_vel=8.0cm/s eff_vel=0.0cm/s ttc=n/a score=1.9 tier=NONE reason=static_stationary_suppression user=still ego=OK
[18:03:19.543] [VOICE_POLICY] keyboard#522(f295) ahead: dist=133cm raw_vel=5.2cm/s eff_vel=0.0cm/s ttc=n/a score=6.2 tier=NONE reason=static_stationary_suppression user=still ego=OK
[18:03:22.340] [VOICE_POLICY] person#532(f253) ahead: dist=263cm raw_vel=-0.1cm/s eff_vel=0.0cm/s ttc=n/a score=1.9 tier=NONE reason=static_stationary_suppression user=still ego=OK
[18:03:22.712] [VOICE_POLICY] keyboard#555(f5) ahead: dist=134cm raw_vel=-5.2cm/s eff_vel=0.0cm/s ttc=n/a score=5.9 tier=NONE reason=static_stationary_suppression user=still ego=OK
[18:03:22.912] [VOICE_POLICY] keyboard#555(f6) ahead: dist=130cm raw_vel=-14.4cm/s eff_vel=-14.4cm/s ttc=9.0s score=166.0 tier=NONE reason=no_actionable_distance_or_ttc user=still ego=OK
[18:03:22.912] [TTC]  keyboard#555(f6) ahead: dist=130cm vel=-14.4cm/s TTC=9.0s tier=NONE ego=OK
[18:03:24.808] [VOICE_POLICY] keyboard#555(f17) ahead: dist=139cm raw_vel=0.0cm/s eff_vel=0.0cm/s ttc=n/a score=4.0 tier=NONE reason=static_stationary_suppression user=still ego=OK
[18:03:25.011] [VOICE_POLICY] keyboard#555(f18) ahead: dist=134cm raw_vel=-16.2cm/s eff_vel=-16.2cm/s ttc=8.3s score=184.3 tier=NONE reason=no_actionable_distance_or_ttc user=still ego=OK
[18:03:25.011] [TTC]  keyboard#555(f18) ahead: dist=134cm vel=-16.2cm/s TTC=8.3s tier=NONE ego=OK
[18:03:25.213] [TTC]  keyboard#555(f19) ahead: dist=137cm vel=-12.4cm/s TTC=11.1s tier=NONE ego=OK
[18:03:26.810] [VOICE_POLICY] keyboard#555(f28) ahead: dist=134cm raw_vel=1.0cm/s eff_vel=0.0cm/s ttc=n/a score=5.9 tier=NONE reason=static_stationary_suppression user=still ego=OK
[18:03:28.382] [VOICE_POLICY] keyboard#555(f37) ahead: dist=133cm raw_vel=-15.7cm/s eff_vel=-15.7cm/s ttc=8.5s score=179.2 tier=NONE reason=no_actionable_distance_or_ttc user=still ego=OK
[18:03:28.382] [TTC]  keyboard#555(f37) ahead: dist=133cm vel=-15.7cm/s TTC=8.5s tier=NONE ego=OK
[18:03:28.749] [VOICE_POLICY] keyboard#555(f39) ahead: dist=136cm raw_vel=-5.0cm/s eff_vel=0.0cm/s ttc=n/a score=5.1 tier=NONE reason=static_stationary_suppression user=still ego=OK
[18:03:30.183] [TTC]  keyboard#555(f47) ahead: dist=127cm vel=-12.7cm/s TTC=10.0s tier=NONE ego=OK
[18:03:30.713] [VOICE_POLICY] person#532(f299) ahead: dist=262cm raw_vel=6.8cm/s eff_vel=0.0cm/s ttc=n/a score=1.9 tier=NONE reason=static_stationary_suppression user=still ego=OK
[18:03:30.913] [VOICE] AWARE: "obstacle ahead, 1.4 meters"
[18:03:30.914] [TTC]  keyboard#555(f49) ahead: dist=129cm vel=-18.9cm/s TTC=6.8s tier=AWARE ego=OK
[18:03:30.919] [VOICE_POLICY] keyboard#555(f49) ahead: dist=139cm raw_vel=-5.2cm/s eff_vel=0.0cm/s ttc=n/a score=4.0 tier=NONE reason=static_stationary_suppression user=still ego=OK
[18:03:31.785] [TTC]  keyboard#555(f53) ahead: dist=16cm vel=-108.7cm/s TTC=0.1s tier=URGENT ego=OK
[18:03:31.981] [TTC]  keyboard#555(f53) ahead: dist=16cm vel=-235.3cm/s TTC=0.1s tier=URGENT ego=BAD
[18:03:32.187] [TTC]  keyboard#555(f53) ahead: dist=16cm vel=-6.7cm/s TTC=2.4s tier=WARN ego=BAD
[18:03:32.415] [TTC]  keyboard#555(f53) ahead: dist=15cm vel=-3.4cm/s TTC=4.5s tier=AWARE ego=BAD
[18:03:32.421] [TTC]  keyboard#555(f53) ahead: dist=106cm vel=-60.7cm/s TTC=1.7s tier=URGENT ego=BAD
[18:03:32.985] [VOICE_POLICY] person#557(f3) on your left: dist=126cm raw_vel=6.9cm/s eff_vel=0.0cm/s ttc=n/a score=12.0 tier=AWARENESS reason=side_pass_awareness user=still ego=BAD
[18:03:34.119] [LATENCY] label=AWARE text="obstacle ahead, 1.4 meters" event_created=1779473010.913 enqueued=0.000s tts_start=0.001s play_start=0.008s play_end=3.205s queue_wait=0.001s synth=0.008s launch_wait=0.000s mode=clip_alert cache=hit cold_stream=yes silence_ms=220
[18:03:34.120] [VOICE] URGENT: "obstacle ahead, 1.1 meters"
[18:03:34.386] [VOICE_POLICY] person#559(f5) ahead: dist=261cm raw_vel=25.8cm/s eff_vel=0.0cm/s ttc=n/a score=2.0 tier=NONE reason=static_stationary_suppression user=still ego=BAD
[18:03:34.583] [VOICE_POLICY] keyboard#558(f4) on your left: dist=144cm raw_vel=34.2cm/s eff_vel=0.0cm/s ttc=n/a score=2.2 tier=NONE reason=static_stationary_suppression user=still ego=BAD
[18:03:34.950] [TTC]  keyboard#558(f5) on your left: dist=127cm vel=-26.6cm/s TTC=4.8s tier=AWARE ego=OK
[18:03:34.954] [TTC]  keyboard#558(f5) on your left: dist=123cm vel=-41.0cm/s TTC=3.0s tier=WARN ego=OK
[18:03:35.150] [VOICE_POLICY] person#559(f8) ahead: dist=250cm raw_vel=-21.0cm/s eff_vel=-21.0cm/s ttc=11.9s score=317.8 tier=NONE reason=no_actionable_distance_or_ttc user=still ego=OK
[18:03:35.150] [TTC]  person#559(f8) ahead: dist=250cm vel=-21.0cm/s TTC=11.9s tier=NONE ego=OK
[18:03:35.353] [VOICE_POLICY] keyboard#558(f7) on your left: dist=157cm raw_vel=55.7cm/s eff_vel=55.7cm/s ttc=n/a score=1.0 tier=NONE reason=static_stationary_suppression user=still ego=OK
[18:03:35.957] [TTC]  keyboard#558(f8) on your left: dist=116cm vel=-69.1cm/s TTC=1.7s tier=URGENT ego=OK
[18:03:36.183] [TTC]  keyboard#558(f9) on your left: dist=123cm vel=-80.5cm/s TTC=1.5s tier=URGENT ego=OK
[18:03:36.190] [TTC]  keyboard#558(f9) on your left: dist=111cm vel=-73.7cm/s TTC=1.5s tier=URGENT ego=OK
[18:03:36.383] [TTC]  keyboard#558(f9) on your left: dist=109cm vel=-61.6cm/s TTC=1.8s tier=URGENT ego=OK
[18:03:36.389] [TTC]  keyboard#558(f9) on your left: dist=110cm vel=-30.8cm/s TTC=3.6s tier=WARN ego=OK
[18:03:36.616] [TTC]  keyboard#558(f9) on your left: dist=113cm vel=-25.5cm/s TTC=4.4s tier=AWARE ego=OK
[18:03:36.623] [VOICE_POLICY] keyboard#558(f9) on your left: dist=115cm raw_vel=-12.7cm/s eff_vel=-12.7cm/s ttc=9.0s score=152.9 tier=NONE reason=no_actionable_distance_or_ttc user=still ego=OK
[18:03:36.623] [TTC]  keyboard#558(f9) on your left: dist=115cm vel=-12.7cm/s TTC=9.0s tier=NONE ego=OK
[18:03:36.817] [VOICE_POLICY] keyboard#558(f9) on your left: dist=116cm raw_vel=-6.4cm/s eff_vel=0.0cm/s ttc=n/a score=12.5 tier=NONE reason=static_stationary_suppression user=still ego=OK
[18:03:37.050] [VOICE_POLICY] keyboard#558(f9) on your left: dist=120cm raw_vel=-3.1cm/s eff_vel=0.0cm/s ttc=n/a score=11.0 tier=NONE reason=static_stationary_suppression user=still ego=OK
[18:03:37.211] [LATENCY] label=URGENT text="obstacle ahead, 1.1 meters" event_created=1779473012.422 enqueued=0.000s tts_start=1.702s play_start=1.730s play_end=4.760s queue_wait=1.702s synth=0.028s launch_wait=0.000s mode=clip_alert cache=hit cold_stream=no silence_ms=0
[18:03:37.249] [VOICE] URGENT: "obstacle on your left, 1.1 meters"
[18:03:37.852] [VOICE_POLICY] tv#565(f4) on your left: dist=156cm raw_vel=-3.1cm/s eff_vel=0.0cm/s ttc=n/a score=4.8 tier=NONE reason=static_stationary_suppression user=still ego=OK
[18:03:38.092] [VOICE_POLICY] keyboard#566(f4) ahead: dist=130cm raw_vel=-10.9cm/s eff_vel=-10.9cm/s ttc=11.9s score=127.3 tier=NONE reason=no_actionable_distance_or_ttc user=still ego=OK
[18:03:38.092] [TTC]  keyboard#566(f4) ahead: dist=130cm vel=-10.9cm/s TTC=11.9s tier=NONE ego=OK
[18:03:38.318] [TTC]  keyboard#566(f5) ahead: dist=134cm vel=-22.3cm/s TTC=6.0s tier=AWARE ego=OK
[18:03:38.325] [TTC]  keyboard#566(f5) ahead: dist=128cm vel=-29.6cm/s TTC=4.3s tier=AWARE ego=OK
[18:03:38.554] [TTC]  keyboard#566(f6) ahead: dist=131cm vel=-22.2cm/s TTC=5.9s tier=AWARE ego=OK
[18:03:38.560] [VOICE_POLICY] keyboard#566(f6) ahead: dist=134cm raw_vel=-9.2cm/s eff_vel=0.0cm/s ttc=n/a score=5.9 tier=NONE reason=static_stationary_suppression user=still ego=OK
[18:03:38.922] [VOICE_POLICY] person#568(f7) ahead: dist=263cm raw_vel=32.2cm/s eff_vel=32.2cm/s ttc=n/a score=0.4 tier=NONE reason=static_stationary_suppression user=still ego=OK
[18:03:40.492] [VOICE_POLICY] keyboard#566(f17) ahead: dist=131cm raw_vel=-11.6cm/s eff_vel=-11.6cm/s ttc=11.3s score=134.8 tier=NONE reason=no_actionable_distance_or_ttc user=still ego=OK
[18:03:40.492] [TTC]  keyboard#566(f17) ahead: dist=131cm vel=-11.6cm/s TTC=11.3s tier=NONE ego=OK
[18:03:40.620] [LATENCY] label=URGENT text="obstacle on your left, 1.1 meters" event_created=1779473016.383 enqueued=0.000s tts_start=0.869s play_start=0.875s play_end=4.236s queue_wait=0.869s synth=0.005s launch_wait=0.000s mode=clip_alert cache=hit cold_stream=no silence_ms=0
[18:03:40.622] [VOICE] WARN: "Watch out, obstacle on your left, 1.1 meters"
[18:03:40.854] [VOICE_POLICY] keyboard#566(f18) ahead: dist=133cm raw_vel=-5.8cm/s eff_vel=0.0cm/s ttc=n/a score=6.2 tier=NONE reason=static_stationary_suppression user=still ego=OK
[18:03:42.721] [VOICE_POLICY] keyboard#566(f27) ahead: dist=144cm raw_vel=-0.5cm/s eff_vel=0.0cm/s ttc=n/a score=2.2 tier=NONE reason=static_stationary_suppression user=still ego=OK
[18:03:43.459] [VOICE_POLICY] keyboard#566(f31) ahead: dist=135cm raw_vel=-14.2cm/s eff_vel=-14.2cm/s ttc=9.5s score=147.3 tier=NONE reason=no_actionable_distance_or_ttc user=still ego=OK
[18:03:43.459] [TTC]  keyboard#566(f31) ahead: dist=135cm vel=-14.2cm/s TTC=9.5s tier=NONE ego=OK
[18:03:44.321] [LATENCY] label=WARN text="Watch out, obstacle on your left, 1.1 me" event_created=1779473016.390 enqueued=0.000s tts_start=4.236s play_start=4.238s play_end=7.932s queue_wait=4.236s synth=0.002s launch_wait=0.000s mode=clip_alert cache=hit cold_stream=no silence_ms=0
[18:03:44.627] [VOICE_POLICY] person#568(f37) ahead: dist=267cm raw_vel=5.3cm/s eff_vel=0.0cm/s ttc=n/a score=1.7 tier=NONE reason=static_stationary_suppression user=still ego=OK
[18:03:45.662] [VOICE_POLICY] keyboard#566(f42) ahead: dist=135cm raw_vel=-0.5cm/s eff_vel=0.0cm/s ttc=n/a score=5.0 tier=NONE reason=static_stationary_suppression user=still ego=OK
[18:03:45.863] [VOICE_POLICY] keyboard#566(f43) ahead: dist=131cm raw_vel=-12.9cm/s eff_vel=-12.9cm/s ttc=10.1s score=135.6 tier=NONE reason=no_actionable_distance_or_ttc user=still ego=OK
[18:03:45.863] [TTC]  keyboard#566(f43) ahead: dist=131cm vel=-12.9cm/s TTC=10.1s tier=NONE ego=OK
[18:03:48.192] [VOICE_POLICY] keyboard#566(f56) ahead: dist=137cm raw_vel=-0.0cm/s eff_vel=0.0cm/s ttc=n/a score=4.8 tier=NONE reason=static_stationary_suppression user=still ego=OK
[18:03:49.830] [VOICE_POLICY] keyboard#566(f65) ahead: dist=133cm raw_vel=-15.7cm/s eff_vel=-15.7cm/s ttc=8.5s score=163.0 tier=NONE reason=no_actionable_distance_or_ttc user=still ego=OK
[18:03:49.830] [TTC]  keyboard#566(f65) ahead: dist=133cm vel=-15.7cm/s TTC=8.5s tier=NONE ego=OK
[18:03:50.225] [VOICE_POLICY] person#568(f68) ahead: dist=265cm raw_vel=-3.9cm/s eff_vel=0.0cm/s ttc=n/a score=1.8 tier=NONE reason=static_stationary_suppression user=still ego=OK
[18:03:50.593] [VOICE_POLICY] keyboard#566(f67) ahead: dist=143cm raw_vel=4.9cm/s eff_vel=0.0cm/s ttc=n/a score=2.3 tier=NONE reason=static_stationary_suppression user=still ego=OK
[18:03:50.797] [TTC]  keyboard#566(f67) ahead: dist=139cm vel=-13.2cm/s TTC=10.5s tier=NONE ego=OK
[18:03:50.801] [VOICE] AWARE: "obstacle ahead, 1.4 meters"
[18:03:50.801] [TTC]  keyboard#566(f67) ahead: dist=138cm vel=-20.5cm/s TTC=6.7s tier=AWARE ego=OK
[18:03:51.089] [TTC]  keyboard#566(f68) ahead: dist=137cm vel=-11.9cm/s TTC=11.5s tier=NONE ego=OK
[18:03:52.365] [VOICE_POLICY] person#568(f79) ahead: dist=265cm raw_vel=-0.0cm/s eff_vel=0.0cm/s ttc=n/a score=1.8 tier=NONE reason=static_stationary_suppression user=still ego=OK
[18:03:52.596] [VOICE_POLICY] keyboard#566(f75) ahead: dist=150cm raw_vel=-0.0cm/s eff_vel=0.0cm/s ttc=n/a score=5.5 tier=NONE reason=static_stationary_suppression user=still ego=OK
[18:03:52.801] [VOICE_POLICY] person#568(f81) ahead: dist=271cm raw_vel=-0.0cm/s eff_vel=0.0cm/s ttc=n/a score=1.4 tier=NONE reason=static_stationary_suppression user=still ego=OK
[18:03:53.000] [VOICE_POLICY] keyboard#566(f77) ahead: dist=139cm raw_vel=-11.6cm/s eff_vel=0.0cm/s ttc=n/a score=4.0 tier=NONE reason=static_stationary_suppression user=still ego=OK
[18:03:53.199] [TTC]  keyboard#566(f77) ahead: dist=135cm vel=-20.9cm/s TTC=6.5s tier=AWARE ego=OK
[18:03:53.396] [TTC]  keyboard#566(f78) ahead: dist=136cm vel=-23.4cm/s TTC=5.8s tier=AWARE ego=OK
[18:03:53.400] [VOICE_POLICY] keyboard#566(f78) ahead: dist=132cm raw_vel=-11.7cm/s eff_vel=-11.7cm/s ttc=11.3s score=135.4 tier=NONE reason=no_actionable_distance_or_ttc user=still ego=OK
[18:03:53.400] [TTC]  keyboard#566(f78) ahead: dist=132cm vel=-11.7cm/s TTC=11.3s tier=NONE ego=OK
[18:03:53.600] [VOICE] Dropped CLEAR (busy_audio_channel): "keyboard stopped, 1.4 meters away"
[18:03:54.072] [LATENCY] label=AWARE text="obstacle ahead, 1.4 meters" event_created=1779473030.801 enqueued=0.000s tts_start=0.001s play_start=0.025s play_end=3.271s queue_wait=0.001s synth=0.025s launch_wait=0.000s mode=clip_alert cache=hit cold_stream=yes silence_ms=220
[18:03:54.433] [VOICE_POLICY] keyboard#566(f81) ahead: dist=119cm raw_vel=-10.7cm/s eff_vel=-10.7cm/s ttc=11.1s score=117.5 tier=NONE reason=no_actionable_distance_or_ttc user=still ego=OK
[18:03:54.433] [TTC]  keyboard#566(f81) ahead: dist=119cm vel=-10.7cm/s TTC=11.1s tier=NONE ego=OK
[18:03:54.801] [VOICE_POLICY] person#574(f5) ahead: dist=268cm raw_vel=12.7cm/s eff_vel=12.7cm/s ttc=n/a score=0.3 tier=NONE reason=static_stationary_suppression user=still ego=OK
[18:03:55.334] [VOICE_POLICY] keyboard#566(f83) ahead: dist=141cm raw_vel=5.5cm/s eff_vel=0.0cm/s ttc=n/a score=3.0 tier=NONE reason=static_stationary_suppression user=still ego=OK
[18:03:56.235] [TTC]  keyboard#566(f87) ahead: dist=134cm vel=-20.6cm/s TTC=6.5s tier=AWARE ego=OK
[18:03:56.431] [VOICE_POLICY] keyboard#566(f88) ahead: dist=136cm raw_vel=-12.7cm/s eff_vel=-12.7cm/s ttc=10.7s score=144.6 tier=NONE reason=no_actionable_distance_or_ttc user=still ego=OK
[18:03:56.431] [TTC]  keyboard#566(f88) ahead: dist=136cm vel=-12.7cm/s TTC=10.7s tier=NONE ego=OK
[18:03:56.435] [TTC]  keyboard#566(f88) ahead: dist=131cm vel=-18.4cm/s TTC=7.1s tier=AWARE ego=OK
[18:03:56.631] [TTC]  keyboard#566(f89) ahead: dist=133cm vel=-11.6cm/s TTC=11.5s tier=NONE ego=OK
[18:03:57.197] [VOICE_POLICY] person#574(f18) ahead: dist=262cm raw_vel=7.7cm/s eff_vel=0.0cm/s ttc=n/a score=1.9 tier=NONE reason=static_stationary_suppression user=still ego=OK
[18:03:57.398] [VOICE_POLICY] keyboard#566(f93) ahead: dist=136cm raw_vel=9.6cm/s eff_vel=9.6cm/s ttc=n/a score=0.9 tier=NONE reason=static_stationary_suppression user=still ego=OK
[18:03:58.507] [VOICE_POLICY] keyboard#566(f98) ahead: dist=124cm raw_vel=-13.8cm/s eff_vel=-13.8cm/s ttc=9.0s score=146.5 tier=NONE reason=no_actionable_distance_or_ttc user=still ego=OK
[18:03:58.507] [TTC]  keyboard#566(f98) ahead: dist=124cm vel=-13.8cm/s TTC=9.0s tier=NONE ego=OK
[18:03:59.338] [VOICE_POLICY] keyboard#566(f102) ahead: dist=136cm raw_vel=5.6cm/s eff_vel=0.0cm/s ttc=n/a score=5.1 tier=NONE reason=static_stationary_suppression user=still ego=OK
[18:04:00.006] [VOICE_POLICY] person#574(f32) ahead: dist=264cm raw_vel=1.6cm/s eff_vel=0.0cm/s ttc=n/a score=1.8 tier=NONE reason=static_stationary_suppression user=still ego=OK
[18:04:01.467] [VOICE_POLICY] keyboard#566(f114) ahead: dist=133cm raw_vel=0.5cm/s eff_vel=0.0cm/s ttc=n/a score=5.7 tier=NONE reason=static_stationary_suppression user=still ego=OK
[18:04:01.674] [VOICE_POLICY] tv#578(f3) on your left: dist=153cm raw_vel=-1.4cm/s eff_vel=0.0cm/s ttc=n/a score=4.9 tier=NONE reason=static_stationary_suppression user=still ego=OK
[18:04:01.906] [VOICE_POLICY] person#574(f39) ahead: dist=270cm raw_vel=-0.3cm/s eff_vel=0.0cm/s ttc=n/a score=1.5 tier=NONE reason=static_stationary_suppression user=still ego=OK
[18:04:02.103] [VOICE_POLICY] person#574(f40) ahead: dist=269cm raw_vel=-0.2cm/s eff_vel=0.0cm/s ttc=n/a score=1.6 tier=NONE reason=static_stationary_suppression user=still ego=OK
[18:04:03.309] [VOICE] AWARE: "obstacle ahead, 1.4 meters"
[18:04:03.310] [TTC]  keyboard#566(f123) ahead: dist=129cm vel=-18.2cm/s TTC=7.1s tier=AWARE ego=OK
[18:04:03.603] [VOICE_POLICY] keyboard#566(f124) ahead: dist=134cm raw_vel=-11.4cm/s eff_vel=-11.4cm/s ttc=11.7s score=131.6 tier=NONE reason=no_actionable_distance_or_ttc user=still ego=OK
[18:04:03.603] [TTC]  keyboard#566(f124) ahead: dist=134cm vel=-11.4cm/s TTC=11.7s tier=NONE ego=OK
[18:04:03.607] [VOICE_POLICY] keyboard#566(f124) ahead: dist=135cm raw_vel=-8.4cm/s eff_vel=0.0cm/s ttc=n/a score=5.5 tier=NONE reason=static_stationary_suppression user=still ego=OK
[18:04:05.609] [VOICE_POLICY] keyboard#566(f135) ahead: dist=134cm raw_vel=3.8cm/s eff_vel=0.0cm/s ttc=n/a score=5.9 tier=NONE reason=static_stationary_suppression user=still ego=OK
[18:04:06.573] [LATENCY] label=AWARE text="obstacle ahead, 1.4 meters" event_created=1779473043.310 enqueued=0.000s tts_start=0.001s play_start=0.023s play_end=3.263s queue_wait=0.001s synth=0.023s launch_wait=0.000s mode=clip_alert cache=hit cold_stream=yes silence_ms=220
[18:04:06.848] [VOICE_POLICY] keyboard#580(f3) ahead: dist=139cm raw_vel=0.0cm/s eff_vel=0.0cm/s ttc=n/a score=3.7 tier=NONE reason=static_stationary_suppression user=still ego=OK
[18:04:07.240] [TTC]  keyboard#566(f140) ahead: dist=137cm vel=-17.3cm/s TTC=7.9s tier=AWARE ego=OK
[18:04:07.247] [TTC]  keyboard#580(f4) ahead: dist=128cm vel=-23.4cm/s TTC=5.5s tier=AWARE ego=OK
[18:04:07.439] [TTC]  keyboard#580(f4) ahead: dist=129cm vel=-22.6cm/s TTC=5.7s tier=AWARE ego=OK
[18:04:07.446] [VOICE_POLICY] keyboard#580(f4) ahead: dist=128cm raw_vel=-11.3cm/s eff_vel=-11.3cm/s ttc=11.4s score=132.1 tier=NONE reason=no_actionable_distance_or_ttc user=still ego=OK
[18:04:07.446] [TTC]  keyboard#580(f4) ahead: dist=128cm vel=-11.3cm/s TTC=11.4s tier=NONE ego=OK
[18:04:08.042] [VOICE_POLICY] keyboard#566(f144) ahead: dist=130cm raw_vel=-0.1cm/s eff_vel=0.0cm/s ttc=n/a score=7.3 tier=NONE reason=static_stationary_suppression user=still ego=OK
[18:04:09.010] [VOICE_POLICY] person#583(f3) ahead: dist=264cm raw_vel=8.2cm/s eff_vel=0.0cm/s ttc=n/a score=1.8 tier=NONE reason=static_stationary_suppression user=still ego=OK
[18:04:09.015] [VOICE_POLICY] tv#582(f3) on your left: dist=155cm raw_vel=4.2cm/s eff_vel=0.0cm/s ttc=n/a score=4.8 tier=NONE reason=static_stationary_suppression user=still ego=OK
[18:04:10.143] [VOICE_POLICY] keyboard#566(f155) ahead: dist=137cm raw_vel=-6.5cm/s eff_vel=0.0cm/s ttc=n/a score=4.3 tier=NONE reason=static_stationary_suppression user=still ego=OK
[18:04:11.247] [VOICE_POLICY] keyboard#566(f156) ahead: dist=131cm raw_vel=-15.8cm/s eff_vel=-15.8cm/s ttc=8.3s score=164.4 tier=NONE reason=no_actionable_distance_or_ttc user=still ego=OK
[18:04:11.247] [TTC]  keyboard#566(f156) ahead: dist=131cm vel=-15.8cm/s TTC=8.3s tier=NONE ego=OK
[18:04:11.443] [VOICE] CLEAR: "path clear"
[18:04:11.909] [VOICE_POLICY] keyboard#584(f3) ahead: dist=137cm raw_vel=0.0cm/s eff_vel=0.0cm/s ttc=n/a score=4.8 tier=NONE reason=static_stationary_suppression user=still ego=OK
[18:04:12.313] [VOICE_POLICY] keyboard#584(f5) ahead: dist=120cm raw_vel=-11.9cm/s eff_vel=-11.9cm/s ttc=10.1s score=141.8 tier=NONE reason=no_actionable_distance_or_ttc user=still ego=OK
[18:04:12.313] [TTC]  keyboard#584(f5) ahead: dist=120cm vel=-11.9cm/s TTC=10.1s tier=NONE ego=OK
[18:04:12.509] [VOICE_POLICY] person#583(f14) ahead: dist=251cm raw_vel=-27.0cm/s eff_vel=-27.0cm/s ttc=9.3s score=407.4 tier=NONE reason=no_actionable_distance_or_ttc user=still ego=OK
[18:04:12.510] [TTC]  person#583(f14) ahead: dist=251cm vel=-27.0cm/s TTC=9.3s tier=NONE ego=OK
[18:04:12.514] [TTC]  person#583(f14) ahead: dist=257cm vel=-27.5cm/s TTC=9.3s tier=NONE ego=OK
[18:04:12.912] [VOICE_POLICY] person#583(f15) ahead: dist=270cm raw_vel=27.8cm/s eff_vel=27.8cm/s ttc=n/a score=0.3 tier=NONE reason=static_stationary_suppression user=still ego=OK
[18:04:12.978] [LATENCY] label=CLEAR text="path clear" event_created=1779473051.443 enqueued=0.000s tts_start=0.001s play_start=0.007s play_end=1.535s queue_wait=0.001s synth=0.006s launch_wait=0.000s mode=clip_alert cache=hit cold_stream=yes silence_ms=220
[18:04:13.148] [VOICE] URGENT: "obstacle ahead, 0.2 meters"
[18:04:13.148] [TTC]  keyboard#584(f9) ahead: dist=15cm vel=-108.0cm/s TTC=0.1s tier=URGENT ego=OK
[18:04:13.444] [TTC]  keyboard#584(f9) ahead: dist=15cm vel=-208.0cm/s TTC=0.1s tier=URGENT ego=BAD
[18:04:13.452] [TTC]  keyboard#584(f9) ahead: dist=18cm vel=-240.0cm/s TTC=0.1s tier=URGENT ego=BAD
[18:04:14.050] [VOICE_POLICY] keyboard#584(f12) ahead: dist=126cm raw_vel=57.3cm/s eff_vel=0.0cm/s ttc=n/a score=8.0 tier=NONE reason=static_stationary_suppression user=still ego=BAD
[18:04:15.445] [VOICE] Dropped AWARE (busy_audio_channel): "obstacle on your left, 1.4 meters"
[18:04:15.445] [TTC]  laptop#587(f3) on your left: dist=145cm vel=-29.7cm/s TTC=4.9s tier=AWARE ego=OK
[18:04:16.047] [LATENCY] label=URGENT text="obstacle ahead, 0.2 meters" event_created=1779473053.148 enqueued=0.000s tts_start=0.001s play_start=0.002s play_end=2.899s queue_wait=0.001s synth=0.002s launch_wait=0.000s mode=clip_alert cache=hit cold_stream=no silence_ms=0
[18:04:16.145] [VOICE_POLICY] keyboard#584(f22) ahead: dist=128cm raw_vel=14.2cm/s eff_vel=14.2cm/s ttc=n/a score=1.6 tier=NONE reason=static_stationary_suppression user=still ego=OK
[18:04:16.148] [VOICE] AWARE: "obstacle ahead, 1.4 meters"
[18:04:16.148] [TTC]  keyboard#584(f22) ahead: dist=120cm vel=-19.0cm/s TTC=6.3s tier=AWARE ego=OK
[18:04:16.415] [TTC]  keyboard#584(f23) ahead: dist=125cm vel=-19.8cm/s TTC=6.3s tier=AWARE ego=OK
[18:04:16.612] [TTC]  keyboard#584(f23) ahead: dist=22cm vel=-77.7cm/s TTC=0.3s tier=URGENT ego=BAD
[18:04:16.618] [TTC]  keyboard#584(f23) ahead: dist=22cm vel=-161.9cm/s TTC=0.1s tier=URGENT ego=BAD
[18:04:16.980] [VOICE_POLICY] person#590(f3) ahead: dist=133cm raw_vel=255.0cm/s eff_vel=0.0cm/s ttc=n/a score=8.5 tier=NONE reason=static_stationary_suppression user=still ego=BAD
[18:04:16.986] [VOICE_POLICY] person#590(f3) on your left: dist=134cm raw_vel=160.8cm/s eff_vel=0.0cm/s ttc=n/a score=8.0 tier=AWARENESS reason=side_pass_awareness user=still ego=BAD
[18:04:17.547] [VOICE_POLICY] keyboard#591(f3) on your left: dist=127cm raw_vel=0.0cm/s eff_vel=0.0cm/s ttc=n/a score=7.7 tier=NONE reason=static_stationary_suppression user=still ego=OK
[18:04:17.551] [VOICE_POLICY] keyboard#591(f3) on your left: dist=121cm raw_vel=-11.7cm/s eff_vel=-11.7cm/s ttc=10.3s score=126.7 tier=NONE reason=no_actionable_distance_or_ttc user=still ego=OK
[18:04:17.551] [TTC]  keyboard#591(f3) on your left: dist=121cm vel=-11.7cm/s TTC=10.3s tier=NONE ego=OK
[18:04:17.915] [TTC]  person#590(f3) on your left: dist=127cm vel=-15.5cm/s TTC=8.2s tier=NONE ego=OK
[18:04:19.155] [LATENCY] label=AWARE text="obstacle ahead, 1.4 meters" event_created=1779473056.148 enqueued=0.000s tts_start=0.001s play_start=0.002s play_end=3.006s queue_wait=0.001s synth=0.002s launch_wait=0.000s mode=clip_alert cache=hit cold_stream=no silence_ms=0
[18:04:19.155] [VOICE] URGENT: "obstacle ahead, 0.2 meters"
[18:04:19.581] [VOICE_POLICY] keyboard#591(f13) on your left: dist=129cm raw_vel=-4.5cm/s eff_vel=0.0cm/s ttc=n/a score=7.7 tier=NONE reason=static_stationary_suppression user=still ego=OK
[18:04:19.991] [TTC]  keyboard#591(f15) on your left: dist=123cm vel=-18.3cm/s TTC=6.7s tier=AWARE ego=OK
[18:04:20.183] [TTC]  keyboard#591(f16) on your left: dist=128cm vel=-17.8cm/s TTC=7.2s tier=AWARE ego=OK
[18:04:20.853] [VOICE_POLICY] keyboard#591(f18) on your left: dist=117cm raw_vel=-8.7cm/s eff_vel=0.0cm/s ttc=n/a score=12.1 tier=NONE reason=static_stationary_suppression user=still ego=OK
[18:04:21.057] [VOICE_POLICY] cup#592(f5) ahead: dist=98cm raw_vel=3.2cm/s eff_vel=0.0cm/s ttc=n/a score=5.2 tier=NONE reason=static_stationary_suppression user=still ego=OK
[18:04:21.654] [VOICE_POLICY] keyboard#591(f22) on your left: dist=135cm raw_vel=1.7cm/s eff_vel=0.0cm/s ttc=n/a score=5.5 tier=NONE reason=static_stationary_suppression user=still ego=OK
[18:04:22.027] [LATENCY] label=URGENT text="obstacle ahead, 0.2 meters" event_created=1779473056.619 enqueued=0.000s tts_start=2.537s play_start=2.539s play_end=5.407s queue_wait=2.537s synth=0.001s launch_wait=0.000s mode=clip_alert cache=hit cold_stream=no silence_ms=0
[18:04:23.523] [VOICE] URGENT: "obstacle ahead, 0.2 meters"
[18:04:23.524] [TTC]  keyboard#591(f32) ahead: dist=17cm vel=-119.4cm/s TTC=0.1s tier=URGENT ego=OK
[18:04:24.587] [VOICE_POLICY] person#595(f3) on your left: dist=128cm raw_vel=15.6cm/s eff_vel=0.0cm/s ttc=n/a score=11.0 tier=AWARENESS reason=side_pass_awareness user=still ego=BAD
[18:04:25.044] [VOICE_POLICY] person#595(f4) on your left: dist=119cm raw_vel=-1.4cm/s eff_vel=0.0cm/s ttc=n/a score=17.1 tier=AWARENESS reason=side_pass_awareness user=still ego=BAD
[18:04:25.285] [TTC]  person#595(f4) on your left: dist=26cm vel=-80.2cm/s TTC=0.3s tier=URGENT ego=BAD
[18:04:25.486] [TTC]  person#595(f5) on your left: dist=17cm vel=-170.7cm/s TTC=0.1s tier=URGENT ego=BAD
[18:04:25.517] [TTC]  person#595(f5) on your left: dist=112cm vel=-153.1cm/s TTC=0.7s tier=URGENT ego=BAD
[18:04:25.753] [TTC]  person#595(f5) on your left: dist=114cm vel=-47.9cm/s TTC=2.4s tier=WARN ego=BAD
[18:04:25.784] [VOICE_POLICY] keyboard#597(f4) on your left: dist=122cm raw_vel=103.7cm/s eff_vel=0.0cm/s ttc=n/a score=10.3 tier=NONE reason=static_stationary_suppression user=still ego=BAD
[18:04:26.433] [LATENCY] label=URGENT text="obstacle ahead, 0.2 meters" event_created=1779473063.524 enqueued=0.000s tts_start=0.001s play_start=0.003s play_end=2.909s queue_wait=0.001s synth=0.002s launch_wait=0.000s mode=clip_alert cache=hit cold_stream=no silence_ms=0
[18:04:26.453] [VOICE] URGENT: "person on your left, 0.2 meters"
[18:04:27.359] [VOICE_POLICY] person#594(f22) ahead: dist=267cm raw_vel=7.5cm/s eff_vel=0.0cm/s ttc=n/a score=1.7 tier=NONE reason=static_stationary_suppression user=still ego=OK
[18:04:29.623] [VOICE_POLICY] keyboard#597(f21) on your left: dist=138cm raw_vel=3.6cm/s eff_vel=0.0cm/s ttc=n/a score=4.4 tier=NONE reason=static_stationary_suppression user=still ego=OK
[18:04:29.666] [LATENCY] label=URGENT text="person on your left, 0.2 meters" event_created=1779473065.486 enqueued=0.000s tts_start=0.968s play_start=0.969s play_end=4.179s queue_wait=0.968s synth=0.001s launch_wait=0.000s mode=clip_alert cache=hit cold_stream=no silence_ms=0
[18:04:31.623] [VOICE_POLICY] keyboard#597(f31) ahead: dist=133cm raw_vel=9.7cm/s eff_vel=0.0cm/s ttc=n/a score=6.2 tier=NONE reason=static_stationary_suppression user=still ego=BAD
[18:04:33.525] [VOICE] URGENT: "person on your left, 0.5 meters"
[18:04:33.525] [TTC]  person#608(f3) on your left: dist=36cm vel=-43.7cm/s TTC=0.8s tier=URGENT ego=BAD
[18:04:33.560] [TTC]  person#608(f3) on your left: dist=36cm vel=-86.9cm/s TTC=0.4s tier=URGENT ego=BAD
[18:04:33.860] [TTC]  person#608(f4) on your left: dist=36cm vel=-43.4cm/s TTC=0.8s tier=URGENT ego=BAD
[18:04:33.868] [TTC]  person#608(f4) on your left: dist=35cm vel=-21.7cm/s TTC=1.6s tier=URGENT ego=BAD
[18:04:34.062] [TTC]  person#608(f5) on your left: dist=34cm vel=-10.9cm/s TTC=3.1s tier=WARN ego=BAD
[18:04:34.087] [TTC]  person#608(f5) on your left: dist=24cm vel=-13.3cm/s TTC=1.8s tier=URGENT ego=BAD
[18:04:34.287] [TTC]  person#608(f6) on your left: dist=27cm vel=-18.5cm/s TTC=1.5s tier=URGENT ego=BAD
[18:04:34.295] [TTC]  keyboard#597(f41) on your left: dist=27cm vel=-92.4cm/s TTC=0.3s tier=URGENT ego=BAD
[18:04:34.486] [TTC]  keyboard#597(f41) on your left: dist=26cm vel=-197.4cm/s TTC=0.1s tier=URGENT ego=BAD
[18:04:34.492] [TTC]  keyboard#597(f41) on your left: dist=16cm vel=-255.0cm/s TTC=0.1s tier=URGENT ego=BAD
[18:04:34.660] [TTC]  keyboard#597(f41) on your left: dist=15cm vel=-251.3cm/s TTC=0.1s tier=URGENT ego=BAD
[18:04:34.665] [VOICE] Dropped CLEAR (busy_audio_channel): "person moved away"
[18:04:34.666] [VOICE_POLICY] keyboard#597(f41) on your left: dist=128cm raw_vel=-35.4cm/s eff_vel=0.0cm/s ttc=n/a score=8.1 tier=NONE reason=static_stationary_suppression user=still ego=BAD
[18:04:35.066] [TTC]  person#608(f10) on your left: dist=45cm vel=-39.7cm/s TTC=1.1s tier=URGENT ego=BAD
[18:04:35.262] [TTC]  person#608(f11) on your left: dist=34cm vel=-112.1cm/s TTC=0.3s tier=URGENT ego=BAD
[18:04:35.268] [VOICE] Dropped AWARE (busy_audio_channel): "person on your left, 1.4 meters"
[18:04:35.268] [VOICE_POLICY] person#608(f11) on your left: dist=121cm raw_vel=-56.1cm/s eff_vel=0.0cm/s ttc=n/a score=14.5 tier=AWARENESS reason=side_pass_awareness user=still ego=BAD
[18:04:35.700] [VOICE] Dropped AWARE (busy_audio_channel): "person on your left, 1.4 meters"
[18:04:35.895] [VOICE] Dropped AWARE (busy_audio_channel): "person on your left, 1.4 meters"
[18:04:35.921] [TTC]  person#608(f11) on your left: dist=25cm vel=-22.5cm/s TTC=1.1s tier=URGENT ego=BAD
[18:04:36.531] [VOICE_POLICY] person#594(f56) ahead: dist=261cm raw_vel=6.8cm/s eff_vel=0.0cm/s ttc=n/a score=2.0 tier=NONE reason=static_stationary_suppression user=still ego=OK
[18:04:36.898] [VOICE_POLICY] keyboard#597(f50) on your left: dist=130cm raw_vel=22.8cm/s eff_vel=22.8cm/s ttc=n/a score=1.5 tier=NONE reason=static_stationary_suppression user=still ego=OK
[18:04:37.036] [LATENCY] label=URGENT text="person on your left, 0.5 meters" event_created=1779473073.525 enqueued=0.000s tts_start=0.001s play_start=0.009s play_end=3.512s queue_wait=0.001s synth=0.008s launch_wait=0.000s mode=clip_alert cache=hit cold_stream=yes silence_ms=220
[18:04:37.064] [VOICE] URGENT: "person on your left, 0.2 meters"
[18:04:39.063] [VOICE_POLICY] keyboard#597(f61) ahead: dist=139cm raw_vel=-10.8cm/s eff_vel=0.0cm/s ttc=n/a score=4.0 tier=NONE reason=static_stationary_suppression user=still ego=OK
[18:04:39.634] [VOICE_POLICY] person#612(f3) ahead: dist=270cm raw_vel=0.0cm/s eff_vel=0.0cm/s ttc=n/a score=1.5 tier=NONE reason=static_stationary_suppression user=still ego=OK
[18:04:39.829] [VOICE_POLICY] person#612(f4) ahead: dist=268cm raw_vel=0.0cm/s eff_vel=0.0cm/s ttc=n/a score=1.6 tier=NONE reason=static_stationary_suppression user=still ego=OK
[18:04:40.037] [VOICE] Dropped AWARE (busy_audio_channel): "obstacle ahead, 1.4 meters"
[18:04:40.037] [TTC]  keyboard#597(f66) ahead: dist=133cm vel=-17.1cm/s TTC=7.8s tier=AWARE ego=OK
[18:04:40.266] [VOICE] Dropped AWARE (busy_audio_channel): "obstacle ahead, 1.4 meters"
[18:04:40.267] [TTC]  keyboard#597(f67) ahead: dist=134cm vel=-20.9cm/s TTC=6.4s tier=AWARE ego=OK
[18:04:40.356] [LATENCY] label=URGENT text="person on your left, 0.2 meters" event_created=1779473075.905 enqueued=0.000s tts_start=1.161s play_start=1.188s play_end=4.452s queue_wait=1.161s synth=0.027s launch_wait=0.000s mode=clip_alert cache=hit cold_stream=no silence_ms=0
[18:04:41.035] [VOICE_POLICY] keyboard#597(f71) ahead: dist=135cm raw_vel=-0.0cm/s eff_vel=0.0cm/s ttc=n/a score=5.5 tier=NONE reason=static_stationary_suppression user=still ego=OK
[18:04:41.637] [VOICE_POLICY] tv#613(f3) on your left: dist=155cm raw_vel=0.0cm/s eff_vel=0.0cm/s ttc=n/a score=4.8 tier=NONE reason=static_stationary_suppression user=still ego=OK
[18:04:43.036] [VOICE_POLICY] keyboard#597(f82) ahead: dist=135cm raw_vel=0.0cm/s eff_vel=0.0cm/s ttc=n/a score=5.5 tier=NONE reason=static_stationary_suppression user=still ego=OK
[18:04:44.270] [VOICE_POLICY] person#612(f25) ahead: dist=268cm raw_vel=0.0cm/s eff_vel=0.0cm/s ttc=n/a score=1.6 tier=NONE reason=static_stationary_suppression user=still ego=OK
[18:04:44.637] [VOICE_POLICY] keyboard#597(f91) ahead: dist=135cm raw_vel=-11.9cm/s eff_vel=-11.9cm/s ttc=11.4s score=136.1 tier=NONE reason=no_actionable_distance_or_ttc user=still ego=OK
[18:04:44.637] [TTC]  keyboard#597(f91) ahead: dist=135cm vel=-11.9cm/s TTC=11.4s tier=NONE ego=OK
[18:04:45.172] [VOICE_POLICY] keyboard#597(f94) ahead: dist=136cm raw_vel=-1.1cm/s eff_vel=0.0cm/s ttc=n/a score=5.1 tier=NONE reason=static_stationary_suppression user=still ego=OK
[18:04:46.335] [VOICE_POLICY] person#612(f36) ahead: dist=268cm raw_vel=1.0cm/s eff_vel=0.0cm/s ttc=n/a score=1.6 tier=NONE reason=static_stationary_suppression user=still ego=OK
[18:04:46.703] [VOICE_POLICY] keyboard#597(f102) ahead: dist=133cm raw_vel=-11.4cm/s eff_vel=-11.4cm/s ttc=11.7s score=131.3 tier=NONE reason=no_actionable_distance_or_ttc user=still ego=OK
[18:04:46.704] [TTC]  keyboard#597(f102) ahead: dist=133cm vel=-11.4cm/s TTC=11.7s tier=NONE ego=OK
[18:04:47.106] [VOICE_POLICY] keyboard#597(f104) ahead: dist=135cm raw_vel=-0.7cm/s eff_vel=0.0cm/s ttc=n/a score=5.5 tier=NONE reason=static_stationary_suppression user=still ego=OK
[18:04:47.706] [VOICE_POLICY] person#612(f41) ahead: dist=270cm raw_vel=0.0cm/s eff_vel=0.0cm/s ttc=n/a score=1.5 tier=NONE reason=static_stationary_suppression user=still ego=OK
[18:04:48.408] [VOICE] AWARE: "obstacle ahead, 1.4 meters"
[18:04:48.409] [TTC]  keyboard#597(f111) ahead: dist=135cm vel=-17.8cm/s TTC=7.6s tier=AWARE ego=OK
[18:04:48.735] [TTC]  keyboard#597(f112) ahead: dist=135cm vel=-12.4cm/s TTC=10.9s tier=NONE ego=OK
[18:04:48.740] [VOICE] Dropped CLEAR (busy_audio_channel): "keyboard stopped, 1.3 meters away"
[18:04:49.142] [VOICE_POLICY] keyboard#597(f114) ahead: dist=135cm raw_vel=0.7cm/s eff_vel=0.0cm/s ttc=n/a score=5.5 tier=NONE reason=static_stationary_suppression user=still ego=OK
[18:04:49.908] [VOICE_POLICY] person#612(f52) ahead: dist=264cm raw_vel=5.2cm/s eff_vel=0.0cm/s ttc=n/a score=1.8 tier=NONE reason=static_stationary_suppression user=still ego=OK
[18:04:51.175] [VOICE_POLICY] keyboard#597(f125) ahead: dist=137cm raw_vel=0.0cm/s eff_vel=0.0cm/s ttc=n/a score=4.8 tier=NONE reason=static_stationary_suppression user=still ego=OK
[18:04:51.647] [LATENCY] label=AWARE text="obstacle ahead, 1.4 meters" event_created=1779473088.409 enqueued=0.000s tts_start=0.001s play_start=0.024s play_end=3.238s queue_wait=0.001s synth=0.023s launch_wait=0.000s mode=clip_alert cache=hit cold_stream=yes silence_ms=220
[18:04:51.745] [VOICE_POLICY] keyboard#597(f128) ahead: dist=132cm raw_vel=-12.5cm/s eff_vel=-12.5cm/s ttc=10.6s score=130.5 tier=NONE reason=no_actionable_distance_or_ttc user=still ego=OK
[18:04:51.745] [TTC]  keyboard#597(f128) ahead: dist=132cm vel=-12.5cm/s TTC=10.6s tier=NONE ego=OK
[18:04:52.610] [TTC]  keyboard#597(f133) ahead: dist=132cm vel=-12.0cm/s TTC=11.0s tier=NONE ego=OK
[18:04:53.307] [VOICE_POLICY] keyboard#597(f137) ahead: dist=139cm raw_vel=-0.1cm/s eff_vel=0.0cm/s ttc=n/a score=4.0 tier=NONE reason=static_stationary_suppression user=still ego=OK
[18:04:53.312] [VOICE_POLICY] person#612(f68) ahead: dist=265cm raw_vel=0.0cm/s eff_vel=0.0cm/s ttc=n/a score=1.8 tier=NONE reason=static_stationary_suppression user=still ego=OK
[18:04:54.211] [VOICE_POLICY] keyboard#597(f142) ahead: dist=134cm raw_vel=-13.4cm/s eff_vel=-13.4cm/s ttc=10.0s score=153.4 tier=NONE reason=no_actionable_distance_or_ttc user=still ego=OK
[18:04:54.211] [TTC]  keyboard#597(f142) ahead: dist=134cm vel=-13.4cm/s TTC=10.0s tier=NONE ego=OK
[18:04:55.418] [VOICE_POLICY] person#612(f77) ahead: dist=268cm raw_vel=3.1cm/s eff_vel=0.0cm/s ttc=n/a score=1.6 tier=NONE reason=static_stationary_suppression user=still ego=OK
[18:04:55.645] [VOICE_POLICY] keyboard#597(f150) ahead: dist=139cm raw_vel=5.7cm/s eff_vel=0.0cm/s ttc=n/a score=4.0 tier=NONE reason=static_stationary_suppression user=still ego=OK
[18:04:57.744] [VOICE_POLICY] keyboard#597(f161) ahead: dist=131cm raw_vel=0.9cm/s eff_vel=0.0cm/s ttc=n/a score=7.0 tier=NONE reason=static_stationary_suppression user=still ego=OK
[18:04:58.175] [VOICE_POLICY] person#612(f92) ahead: dist=246cm raw_vel=-28.2cm/s eff_vel=-28.2cm/s ttc=8.7s score=467.6 tier=NONE reason=no_actionable_distance_or_ttc user=still ego=OK
[18:04:58.175] [TTC]  person#612(f92) ahead: dist=246cm vel=-28.2cm/s TTC=8.7s tier=NONE ego=OK
[18:04:58.179] [TTC]  person#612(f92) ahead: dist=240cm vel=-35.8cm/s TTC=6.7s tier=AWARE ego=OK
[18:04:58.377] [TTC]  person#612(f93) ahead: dist=239cm vel=-37.0cm/s TTC=6.5s tier=AWARE ego=OK
[18:04:58.381] [TTC]  person#612(f93) ahead: dist=227cm vel=-40.1cm/s TTC=5.7s tier=AWARE ego=OK
[18:04:58.576] [VOICE] AWARE: "person ahead, 2.3 meters"
[18:04:58.577] [TTC]  person#612(f94) ahead: dist=222cm vel=-49.1cm/s TTC=4.5s tier=AWARE ego=OK
[18:04:58.582] [TTC]  person#612(f94) ahead: dist=210cm vel=-61.3cm/s TTC=3.4s tier=WARN ego=OK
[18:04:58.607] [LATENCY] label=AWARE text="person ahead, 2.3 meters" event_created=1779473098.577 enqueued=0.000s tts_start=0.001s play_start=0.000s play_end=0.000s queue_wait=0.001s synth=0.030s launch_wait=0.000s mode=clip_alert cache=hit cold_stream=yes silence_ms=220
[18:04:58.608] [VOICE] Skipped before playback due to higher-priority pending: "person ahead, 2.3 meters"
[18:04:58.609] [VOICE] WARN: "Watch out, person ahead, 2.3 meters"
[18:04:58.944] [TTC]  person#612(f95) ahead: dist=209cm vel=-59.6cm/s TTC=3.5s tier=WARN ego=OK
[18:04:58.949] [TTC]  person#612(f95) ahead: dist=195cm vel=-56.1cm/s TTC=3.5s tier=WARN ego=OK
[18:04:59.177] [TTC]  person#612(f96) ahead: dist=193cm vel=-52.1cm/s TTC=3.7s tier=WARN ego=OK
[18:04:59.181] [TTC]  person#612(f96) ahead: dist=178cm vel=-52.4cm/s TTC=3.4s tier=WARN ego=OK
[18:04:59.382] [TTC]  person#612(f97) ahead: dist=180cm vel=-55.3cm/s TTC=3.3s tier=WARN ego=OK
[18:04:59.386] [TTC]  person#612(f97) ahead: dist=190cm vel=-27.7cm/s TTC=6.9s tier=AWARE ego=OK
[18:04:59.618] [VOICE_POLICY] person#612(f98) ahead: dist=165cm raw_vel=-14.1cm/s eff_vel=-14.1cm/s ttc=11.7s score=240.3 tier=NONE reason=no_actionable_distance_or_ttc user=still ego=OK
[18:04:59.618] [TTC]  person#612(f98) ahead: dist=165cm vel=-14.1cm/s TTC=11.7s tier=NONE ego=OK
[18:04:59.843] [VOICE_POLICY] person#612(f99) ahead: dist=178cm raw_vel=-7.1cm/s eff_vel=0.0cm/s ttc=n/a score=6.7 tier=NONE reason=static_stationary_suppression user=still ego=OK
[18:04:59.849] [VOICE_POLICY] keyboard#597(f170) ahead: dist=140cm raw_vel=11.1cm/s eff_vel=11.1cm/s ttc=n/a score=0.7 tier=NONE reason=static_stationary_suppression user=still ego=OK
[18:05:00.819] [VOICE_POLICY] keyboard#597(f175) ahead: dist=126cm raw_vel=-10.8cm/s eff_vel=-10.8cm/s ttc=11.7s score=127.6 tier=NONE reason=no_actionable_distance_or_ttc user=still ego=OK
[18:05:00.819] [TTC]  keyboard#597(f175) ahead: dist=126cm vel=-10.8cm/s TTC=11.7s tier=NONE ego=OK
[18:05:01.047] [TTC]  keyboard#597(f176) ahead: dist=108cm vel=-27.7cm/s TTC=3.9s tier=WARN ego=OK
[18:05:01.246] [TTC]  keyboard#597(f176) ahead: dist=104cm vel=-50.4cm/s TTC=2.1s tier=WARN ego=OK
[18:05:01.248] [TTC]  keyboard#597(f176) ahead: dist=87cm vel=-69.4cm/s TTC=1.3s tier=URGENT ego=OK
[18:05:01.446] [TTC]  keyboard#597(f176) ahead: dist=84cm vel=-87.0cm/s TTC=1.0s tier=URGENT ego=OK
[18:05:01.448] [TTC]  keyboard#597(f176) ahead: dist=88cm vel=-68.5cm/s TTC=1.3s tier=URGENT ego=OK
[18:05:01.646] [TTC]  keyboard#597(f176) ahead: dist=81cm vel=-50.7cm/s TTC=1.6s tier=URGENT ego=BAD
[18:05:01.648] [TTC]  keyboard#597(f176) ahead: dist=75cm vel=-38.6cm/s TTC=1.9s tier=URGENT ego=BAD
[18:05:01.845] [TTC]  keyboard#597(f176) ahead: dist=76cm vel=-34.2cm/s TTC=2.2s tier=WARN ego=BAD
[18:05:01.848] [VOICE] Dropped CLEAR (busy_audio_channel): "keyboard moving away"
[18:05:01.848] [VOICE_POLICY] keyboard#597(f176) ahead: dist=135cm raw_vel=26.6cm/s eff_vel=0.0cm/s ttc=n/a score=5.0 tier=NONE reason=static_stationary_suppression user=still ego=BAD
[18:05:02.284] [LATENCY] label=WARN text="Watch out, person ahead, 2.3 meters" event_created=1779473098.582 enqueued=0.000s tts_start=0.028s play_start=0.066s play_end=3.702s queue_wait=0.028s synth=0.038s launch_wait=0.000s mode=clip_alert cache=hit cold_stream=yes silence_ms=220
[18:05:02.285] [VOICE] URGENT: "obstacle ahead, 0.8 meters"
[18:05:02.514] [VOICE_POLICY] person#616(f3) on your right: dist=119cm raw_vel=-41.3cm/s eff_vel=-41.3cm/s ttc=2.9s score=600.0 tier=AWARENESS reason=side_pass_awareness user=still ego=BAD
[18:05:02.514] [TTC]  person#616(f3) on your right: dist=119cm vel=-41.3cm/s TTC=2.9s tier=WARN ego=BAD
[18:05:02.518] [VOICE_POLICY] person#616(f3) on your right: dist=128cm raw_vel=-8.7cm/s eff_vel=0.0cm/s ttc=n/a score=12.1 tier=AWARENESS reason=side_pass_awareness user=still ego=BAD
[18:05:02.711] [VOICE_POLICY] person#616(f4) ahead: dist=132cm raw_vel=21.2cm/s eff_vel=0.0cm/s ttc=n/a score=9.9 tier=NONE reason=static_stationary_suppression user=still ego=BAD
[18:05:03.050] [VOICE_POLICY] person#616(f6) ahead: dist=168cm raw_vel=73.6cm/s eff_vel=0.0cm/s ttc=n/a score=6.6 tier=NONE reason=static_stationary_suppression user=still ego=BAD
[18:05:03.424] [TTC]  person#616(f7) ahead: dist=75cm vel=-44.1cm/s TTC=1.7s tier=URGENT ego=BAD
[18:05:03.646] [TTC]  person#616(f7) ahead: dist=105cm vel=-131.8cm/s TTC=0.8s tier=URGENT ego=BAD
[18:05:03.654] [TTC]  person#616(f7) ahead: dist=105cm vel=-165.0cm/s TTC=0.6s tier=URGENT ego=BAD
[18:05:03.875] [TTC]  person#616(f7) ahead: dist=105cm vel=-128.0cm/s TTC=0.8s tier=URGENT ego=BAD
[18:05:03.882] [VOICE_POLICY] chair#618(f3) on your left: dist=85cm raw_vel=0.0cm/s eff_vel=0.0cm/s ttc=n/a score=19.1 tier=NONE reason=static_stationary_suppression user=still ego=BAD
[18:05:04.487] [TTC]  chair#618(f6) on your left: dist=75cm vel=-10.3cm/s TTC=7.3s tier=AWARE ego=BAD
[18:05:04.681] [VOICE_POLICY] chair#618(f6) on your left: dist=225cm raw_vel=142.7cm/s eff_vel=0.0cm/s ttc=n/a score=2.0 tier=NONE reason=static_stationary_suppression user=still ego=BAD
[18:05:04.689] [VOICE_POLICY] chair#618(f6) on your left: dist=315cm raw_vel=368.1cm/s eff_vel=0.0cm/s ttc=n/a score=0.0 tier=NONE reason=static_stationary_suppression user=still ego=BAD
[18:05:05.281] [LATENCY] label=URGENT text="obstacle ahead, 0.8 meters" event_created=1779473101.649 enqueued=0.000s tts_start=0.638s play_start=0.646s play_end=3.633s queue_wait=0.638s synth=0.008s launch_wait=0.000s mode=clip_alert cache=hit cold_stream=no silence_ms=0
[18:05:05.284] [VOICE] URGENT: "person ahead, 1.1 meters"
[18:05:05.749] [VOICE_POLICY] chair#623(f3) ahead: dist=160cm raw_vel=-16.2cm/s eff_vel=0.0cm/s ttc=n/a score=3.7 tier=NONE reason=static_stationary_suppression user=still ego=BAD
[18:05:06.151] [VOICE_POLICY] chair#625(f3) on your left: dist=155cm raw_vel=0.0cm/s eff_vel=0.0cm/s ttc=n/a score=3.9 tier=NONE reason=static_stationary_suppression user=still ego=BAD
[18:05:06.916] [VOICE_POLICY] chair#627(f3) on your left: dist=148cm raw_vel=0.0cm/s eff_vel=0.0cm/s ttc=n/a score=0.5 tier=NONE reason=static_stationary_suppression user=still ego=BAD
[18:05:07.286] [TTC]  chair#627(f3) on your left: dist=80cm vel=-84.8cm/s TTC=0.9s tier=URGENT ego=BAD
[18:05:07.482] [TTC]  chair#627(f3) on your left: dist=78cm vel=-135.0cm/s TTC=0.6s tier=URGENT ego=BAD
[18:05:07.488] [TTC]  chair#625(f9) on your left: dist=76cm vel=-79.0cm/s TTC=1.0s tier=URGENT ego=BAD
[18:05:07.683] [TTC]  chair#625(f9) on your left: dist=75cm vel=-115.5cm/s TTC=0.6s tier=URGENT ego=BAD
[18:05:07.689] [VOICE_POLICY] chair#625(f9) on your left: dist=75cm raw_vel=0.0cm/s eff_vel=0.0cm/s ttc=n/a score=20.0 tier=NONE reason=static_stationary_suppression user=still ego=BAD
[18:05:07.791] [LATENCY] label=URGENT text="person ahead, 1.1 meters" event_created=1779473103.876 enqueued=0.000s tts_start=1.418s play_start=1.429s play_end=3.893s queue_wait=1.418s synth=0.012s launch_wait=0.000s mode=clip_alert cache=hit cold_stream=no silence_ms=0
[18:05:07.792] [VOICE] URGENT: "obstacle on your left, 0.8 meters"
[18:05:08.750] [VOICE_POLICY] chair#630(f3) on your left: dist=145cm raw_vel=0.0cm/s eff_vel=0.0cm/s ttc=n/a score=1.3 tier=NONE reason=static_stationary_suppression user=still ego=BAD
[18:05:09.687] [VOICE_POLICY] chair#632(f5) on your left: dist=135cm raw_vel=0.0cm/s eff_vel=0.0cm/s ttc=n/a score=4.0 tier=NONE reason=static_stationary_suppression user=still ego=BAD
[18:05:10.826] [VOICE_POLICY] chair#634(f3) on your left: dist=165cm raw_vel=53.3cm/s eff_vel=0.0cm/s ttc=n/a score=3.6 tier=NONE reason=static_stationary_suppression user=still ego=BAD
[18:05:11.162] [LATENCY] label=URGENT text="obstacle on your left, 0.8 meters" event_created=1779473107.683 enqueued=0.000s tts_start=0.142s play_start=0.145s play_end=3.479s queue_wait=0.142s synth=0.002s launch_wait=0.000s mode=clip_alert cache=hit cold_stream=no silence_ms=0
[18:05:12.053] [VOICE_POLICY] person#636(f4) on your left: dist=315cm raw_vel=-27.8cm/s eff_vel=-27.8cm/s ttc=11.3s score=416.3 tier=NONE reason=no_actionable_distance_or_ttc user=still ego=OK
[18:05:12.053] [TTC]  person#636(f4) on your left: dist=315cm vel=-27.8cm/s TTC=11.3s tier=NONE ego=OK
[18:05:12.863] [VOICE_POLICY] chair#634(f13) on your left: dist=153cm raw_vel=0.1cm/s eff_vel=0.0cm/s ttc=n/a score=3.9 tier=NONE reason=static_stationary_suppression user=still ego=BAD
[18:05:13.087] [VOICE_POLICY] chair#635(f7) on your left: dist=152cm raw_vel=-7.7cm/s eff_vel=0.0cm/s ttc=n/a score=3.9 tier=NONE reason=static_stationary_suppression user=still ego=BAD
[18:05:13.458] [VOICE_POLICY] chair#634(f16) on your left: dist=147cm raw_vel=0.0cm/s eff_vel=0.0cm/s ttc=n/a score=0.8 tier=NONE reason=static_stationary_suppression user=still ego=BAD
[18:05:15.055] [VOICE_POLICY] chair#634(f23) on your left: dist=152cm raw_vel=9.6cm/s eff_vel=0.0cm/s ttc=n/a score=3.9 tier=NONE reason=static_stationary_suppression user=still ego=BAD
[18:05:15.254] [VOICE_POLICY] chair#635(f16) on your left: dist=150cm raw_vel=2.4cm/s eff_vel=0.0cm/s ttc=n/a score=4.0 tier=NONE reason=static_stationary_suppression user=still ego=BAD
[18:05:15.626] [VOICE_POLICY] chair#635(f18) on your left: dist=142cm raw_vel=-15.3cm/s eff_vel=0.0cm/s ttc=n/a score=2.1 tier=NONE reason=static_stationary_suppression user=still ego=BAD
[18:05:16.955] [VOICE_POLICY] chair#634(f27) on your left: dist=135cm raw_vel=0.0cm/s eff_vel=0.0cm/s ttc=n/a score=4.0 tier=NONE reason=static_stationary_suppression user=still ego=BAD
[18:05:16.967] [VOICE] URGENT: "obstacle on your left, 0.8 meters"
[18:05:16.983] [TTC]  chair#635(f19) on your left: dist=89cm vel=-57.5cm/s TTC=1.5s tier=URGENT ego=BAD
[18:05:17.288] [TTC]  chair#635(f19) on your left: dist=86cm vel=-97.7cm/s TTC=0.9s tier=URGENT ego=BAD
[18:05:17.295] [VOICE_POLICY] chair#635(f19) on your left: dist=86cm raw_vel=0.0cm/s eff_vel=0.0cm/s ttc=n/a score=17.1 tier=NONE reason=static_stationary_suppression user=still ego=BAD
[18:05:17.490] [TTC]  chair#635(f19) on your left: dist=75cm vel=-55.0cm/s TTC=1.4s tier=URGENT ego=BAD
[18:05:18.390] [TTC]  chair#641(f3) ahead: dist=105cm vel=-125.2cm/s TTC=0.8s tier=URGENT ego=BAD
[18:05:18.396] [TTC]  chair#641(f3) ahead: dist=80cm vel=-160.2cm/s TTC=0.5s tier=URGENT ego=BAD
[18:05:18.591] [TTC]  chair#642(f3) on your left: dist=225cm vel=-105.4cm/s TTC=2.1s tier=WARN ego=OK
[18:05:18.597] [TTC]  chair#642(f3) on your left: dist=121cm vel=-211.9cm/s TTC=0.6s tier=URGENT ego=OK
[18:05:18.792] [TTC]  chair#642(f3) on your left: dist=109cm vel=-300.2cm/s TTC=0.4s tier=URGENT ego=BAD
[18:05:18.798] [TTC]  chair#641(f5) ahead: dist=56cm vel=-81.2cm/s TTC=0.7s tier=URGENT ego=BAD
[18:05:18.992] [TTC]  chair#641(f5) ahead: dist=70cm vel=-54.5cm/s TTC=1.3s tier=URGENT ego=BAD
[18:05:18.999] [VOICE] Dropped AWARE (busy_audio_channel): "obstacle ahead, 0.8 meters"
[18:05:19.000] [TTC]  chair#641(f5) ahead: dist=81cm vel=-13.8cm/s TTC=5.9s tier=AWARE ego=BAD
[18:05:19.358] [VOICE_POLICY] chair#642(f3) on your left: dist=122cm raw_vel=-1.8cm/s eff_vel=0.0cm/s ttc=n/a score=8.2 tier=NONE reason=static_stationary_suppression user=still ego=BAD
[18:05:19.926] [VOICE_POLICY] chair#644(f3) ahead: dist=241cm raw_vel=-80.6cm/s eff_vel=0.0cm/s ttc=n/a score=1.6 tier=NONE reason=static_stationary_suppression user=still ego=BAD
[18:05:20.158] [VOICE_POLICY] chair#644(f3) ahead: dist=274cm raw_vel=48.7cm/s eff_vel=0.0cm/s ttc=n/a score=0.7 tier=NONE reason=static_stationary_suppression user=still ego=BAD
[18:05:20.396] [VOICE_POLICY] chair#646(f3) on your left: dist=175cm raw_vel=-279.4cm/s eff_vel=0.0cm/s ttc=n/a score=3.3 tier=NONE reason=static_stationary_suppression user=still ego=BAD
[18:05:20.628] [LATENCY] label=URGENT text="obstacle on your left, 0.8 meters" event_created=1779473116.967 enqueued=0.000s tts_start=0.017s play_start=0.024s play_end=3.660s queue_wait=0.017s synth=0.007s launch_wait=0.000s mode=clip_alert cache=hit cold_stream=yes silence_ms=220
[18:05:20.629] [VOICE] URGENT: "obstacle ahead, 0.8 meters"
[18:05:20.799] [VOICE_POLICY] chair#646(f4) on your left: dist=200cm raw_vel=-115.3cm/s eff_vel=0.0cm/s ttc=n/a score=2.9 tier=NONE reason=static_stationary_suppression user=still ego=BAD
[18:05:21.399] [TTC]  chair#646(f4) on your left: dist=105cm vel=-132.1cm/s TTC=0.8s tier=URGENT ego=BAD
[18:05:21.611] [TTC]  chair#646(f4) on your left: dist=105cm vel=-154.3cm/s TTC=0.7s tier=URGENT ego=BAD
[18:05:22.059] [VOICE_POLICY] chair#647(f5) ahead: dist=316cm raw_vel=-63.7cm/s eff_vel=0.0cm/s ttc=n/a score=0.0 tier=NONE reason=static_stationary_suppression user=still ego=BAD
[18:05:23.633] [LATENCY] label=URGENT text="obstacle ahead, 0.8 meters" event_created=1779473118.992 enqueued=0.000s tts_start=1.640s play_start=1.666s play_end=4.641s queue_wait=1.640s synth=0.026s launch_wait=0.000s mode=clip_alert cache=hit cold_stream=no silence_ms=0
[18:05:23.633] [VOICE] URGENT: "obstacle on your left, 1.1 meters"
[18:05:24.794] [VOICE_POLICY] chair#660(f3) on your right: dist=135cm raw_vel=-119.9cm/s eff_vel=0.0cm/s ttc=n/a score=4.0 tier=NONE reason=static_stationary_suppression user=still ego=BAD
[18:05:25.027] [TTC]  chair#660(f4) on your right: dist=120cm vel=-110.6cm/s TTC=1.1s tier=URGENT ego=BAD
[18:05:25.030] [TTC]  chair#660(f4) on your right: dist=106cm vel=-104.5cm/s TTC=1.0s tier=URGENT ego=BAD
[18:05:25.205] [VOICE_POLICY] chair#660(f4) on your right: dist=255cm raw_vel=51.1cm/s eff_vel=0.0cm/s ttc=n/a score=1.2 tier=NONE reason=static_stationary_suppression user=still ego=BAD
[18:05:25.595] [VOICE_POLICY] chair#660(f4) on your right: dist=229cm raw_vel=21.9cm/s eff_vel=0.0cm/s ttc=n/a score=1.9 tier=NONE reason=static_stationary_suppression user=still ego=BAD
[18:05:25.802] [VOICE] Dropped AWARE (busy_audio_channel): "obstacle on your right, 2.3 meters"
[18:05:25.802] [TTC]  chair#660(f4) on your right: dist=230cm vel=-31.4cm/s TTC=7.3s tier=AWARE ego=OK
[18:05:27.006] [LATENCY] label=URGENT text="obstacle on your left, 1.1 meters" event_created=1779473121.611 enqueued=0.000s tts_start=2.023s play_start=2.025s play_end=5.395s queue_wait=2.023s synth=0.002s launch_wait=0.000s mode=clip_alert cache=hit cold_stream=no silence_ms=0
[18:05:27.008] [VOICE] URGENT: "obstacle on your right, 1.1 meters"
[18:05:29.899] [VOICE_POLICY] person#663(f4) on your left: dist=169cm raw_vel=-69.6cm/s eff_vel=0.0cm/s ttc=n/a score=7.2 tier=NONE reason=static_stationary_suppression user=still ego=BAD
[18:05:30.270] [LATENCY] label=URGENT text="obstacle on your right, 1.1 meters" event_created=1779473125.030 enqueued=0.000s tts_start=1.999s play_start=2.001s play_end=5.239s queue_wait=1.999s synth=0.002s launch_wait=0.000s mode=clip_alert cache=hit cold_stream=no silence_ms=0
[18:05:30.303] [VOICE] URGENT: "person ahead, 0.8 meters"
[18:05:30.303] [TTC]  person#663(f5) ahead: dist=75cm vel=-89.1cm/s TTC=0.8s tier=URGENT ego=BAD
[18:05:30.570] [TTC]  person#663(f5) ahead: dist=105cm vel=-130.9cm/s TTC=0.8s tier=URGENT ego=BAD
[18:05:30.577] [TTC]  person#663(f5) ahead: dist=96cm vel=-150.2cm/s TTC=0.6s tier=URGENT ego=BAD
[18:05:30.765] [TTC]  person#663(f5) ahead: dist=95cm vel=-115.5cm/s TTC=0.8s tier=URGENT ego=BAD
[18:05:30.771] [TTC]  person#663(f5) ahead: dist=81cm vel=-57.7cm/s TTC=1.4s tier=URGENT ego=BAD
[18:05:30.961] [TTC]  person#663(f5) ahead: dist=57cm vel=-83.7cm/s TTC=0.7s tier=URGENT ego=BAD
[18:05:30.966] [TTC]  person#663(f5) ahead: dist=30cm vel=-125.4cm/s TTC=0.2s tier=URGENT ego=BAD
[18:05:33.599] [LATENCY] label=URGENT text="person ahead, 0.8 meters" event_created=1779473130.303 enqueued=0.000s tts_start=0.001s play_start=0.002s play_end=2.996s queue_wait=0.001s synth=0.002s launch_wait=0.000s mode=clip_alert cache=hit cold_stream=no silence_ms=0
[18:05:33.599] [VOICE] URGENT: "person ahead, 0.5 meters"
[18:05:36.699] [LATENCY] label=URGENT text="person ahead, 0.5 meters" event_created=1779473130.966 enqueued=0.000s tts_start=2.634s play_start=2.679s play_end=5.733s queue_wait=2.634s synth=0.045s launch_wait=0.000s mode=clip_alert cache=hit cold_stream=no silence_ms=0
[18:06:10.929] [VOICE_POLICY] person#686(f3) on your right: dist=285cm raw_vel=-89.5cm/s eff_vel=0.0cm/s ttc=n/a score=0.8 tier=NONE reason=static_stationary_suppression user=still ego=BAD
[18:06:10.931] [VOICE_POLICY] person#686(f3) on your right: dist=264cm raw_vel=-131.7cm/s eff_vel=0.0cm/s ttc=n/a score=1.8 tier=NONE reason=static_stationary_suppression user=still ego=BAD
[18:06:11.265] [VOICE_POLICY] person#686(f5) on your right: dist=325cm raw_vel=21.9cm/s eff_vel=0.0cm/s ttc=n/a score=0.0 tier=NONE reason=beyond_voice_distance user=still ego=BAD
[18:06:11.432] [VOICE_POLICY] person#686(f6) on your right: dist=370cm raw_vel=79.9cm/s eff_vel=0.0cm/s ttc=n/a score=0.0 tier=NONE reason=beyond_voice_distance user=still ego=BAD
[18:06:11.599] [VOICE_POLICY] person#686(f7) on your right: dist=204cm raw_vel=0.0cm/s eff_vel=0.0cm/s ttc=n/a score=5.3 tier=NONE reason=static_stationary_suppression user=still ego=BAD
[18:06:11.933] [VOICE] URGENT: "Stop! person on your right, 3.2 meters"
[18:06:11.933] [TTC]  person#686(f8) on your right: dist=313cm vel=-347.7cm/s TTC=0.9s tier=URGENT ego=OK
[18:06:12.197] [TTC]  person#686(f8) on your right: dist=299cm vel=-307.4cm/s TTC=1.0s tier=URGENT ego=OK
[18:06:12.200] [VOICE_POLICY] person#686(f8) on your right: dist=330cm raw_vel=-235.4cm/s eff_vel=-235.4cm/s ttc=1.4s score=600.0 tier=NONE reason=beyond_voice_distance user=still ego=OK
[18:06:12.200] [TTC]  person#686(f8) on your right: dist=330cm vel=-235.4cm/s TTC=1.4s tier=URGENT ego=OK
[18:06:12.398] [TTC]  person#686(f8) on your right: dist=327cm vel=-160.1cm/s TTC=2.0s tier=WARN ego=OK
[18:06:15.447] [LATENCY] label=URGENT text="Stop! person on your right, 3.2 meters" event_created=1779473171.933 enqueued=0.000s tts_start=0.001s play_start=0.033s play_end=3.514s queue_wait=0.001s synth=0.033s launch_wait=0.000s mode=clip_alert cache=hit cold_stream=yes silence_ms=220
[18:06:15.448] [VOICE] Expired (3.3s old, TTL=3.0s): "Stop! person on your right, 2.9 meters"
[18:06:47.222] [VOICE] URGENT: "obstacle on your left, 1.1 meters"
[18:06:47.223] [TTC]  chair#693(f3) on your left: dist=95cm vel=-69.3cm/s TTC=1.4s tier=URGENT ego=BAD
[18:06:47.495] [TTC]  chair#693(f3) on your left: dist=82cm vel=-24.1cm/s TTC=3.4s tier=WARN ego=BAD
[18:06:47.693] [TTC]  chair#693(f3) on your left: dist=79cm vel=-28.3cm/s TTC=2.8s tier=WARN ego=BAD
[18:06:47.718] [TTC]  chair#693(f3) on your left: dist=79cm vel=-27.4cm/s TTC=2.9s tier=WARN ego=BAD
[18:06:47.867] [TTC]  chair#693(f3) on your left: dist=78cm vel=-24.8cm/s TTC=3.1s tier=WARN ego=BAD
[18:06:47.891] [VOICE] Dropped AWARE (busy_audio_channel): "obstacle on your left, 0.8 meters"
[18:06:47.891] [TTC]  chair#693(f3) on your left: dist=81cm vel=-12.4cm/s TTC=6.5s tier=AWARE ego=BAD
[18:06:50.867] [LATENCY] label=URGENT text="obstacle on your left, 1.1 meters" event_created=1779473207.222 enqueued=0.000s tts_start=0.001s play_start=0.010s play_end=3.620s queue_wait=0.001s synth=0.009s launch_wait=0.000s mode=clip_alert cache=hit cold_stream=yes silence_ms=220
[18:06:50.867] [VOICE] WARN: "obstacle on your left, 0.8 meters"
[18:06:53.329] [VOICE_POLICY] person#697(f3) on your left: dist=166cm raw_vel=-49.3cm/s eff_vel=0.0cm/s ttc=n/a score=7.4 tier=NONE reason=static_stationary_suppression user=still ego=BAD
[18:06:53.499] [VOICE] Dropped AWARE (busy_audio_channel): "person on your left, 1.4 meters"
[18:06:53.499] [VOICE_POLICY] person#697(f4) on your left: dist=139cm raw_vel=-53.2cm/s eff_vel=0.0cm/s ttc=n/a score=6.1 tier=AWARENESS reason=side_pass_awareness user=still ego=BAD
[18:06:53.660] [VOICE] Dropped AWARE (busy_audio_channel): "person on your left, 1.4 meters"
[18:06:53.665] [VOICE] Dropped AWARE (busy_audio_channel): "person on your left, 1.1 meters"
[18:06:53.665] [VOICE_POLICY] person#697(f5) on your left: dist=116cm raw_vel=-99.5cm/s eff_vel=-99.5cm/s ttc=1.2s score=600.0 tier=AWARENESS reason=side_pass_awareness user=still ego=BAD
[18:06:53.665] [TTC]  person#697(f5) on your left: dist=116cm vel=-99.5cm/s TTC=1.2s tier=URGENT ego=BAD
[18:06:53.828] [VOICE] Dropped AWARE (busy_audio_channel): "person on your left, 1.1 meters"
[18:06:53.828] [TTC]  person#697(f5) on your left: dist=116cm vel=-108.3cm/s TTC=1.1s tier=URGENT ego=OK
[18:06:53.833] [VOICE_POLICY] person#697(f5) on your left: dist=105cm raw_vel=-45.4cm/s eff_vel=-45.4cm/s ttc=2.3s score=600.0 tier=WARNING reason=side_pass_warning user=still ego=OK
[18:06:53.833] [TTC]  person#697(f5) on your left: dist=105cm vel=-45.4cm/s TTC=2.3s tier=WARN ego=OK
[18:06:54.232] [LATENCY] label=WARN text="obstacle on your left, 0.8 meters" event_created=1779473207.867 enqueued=0.000s tts_start=3.022s play_start=3.024s play_end=6.365s queue_wait=3.022s synth=0.002s launch_wait=0.000s mode=clip_alert cache=hit cold_stream=no silence_ms=0
[18:06:54.232] [VOICE] URGENT: "Watch out, person on your left, 1.1 meters"
[18:06:55.739] [VOICE_POLICY] person#697(f7) on your left: dist=80cm raw_vel=-120.0cm/s eff_vel=-120.0cm/s ttc=0.7s score=600.0 tier=WARNING reason=side_pass_warning user=still ego=BAD
[18:06:55.739] [TTC]  person#697(f7) on your left: dist=80cm vel=-120.0cm/s TTC=0.7s tier=URGENT ego=BAD
[18:06:55.762] [VOICE] Dropped AWARE (busy_audio_channel): "person on your left, 1.4 meters"
[18:06:55.762] [VOICE_POLICY] person#697(f7) on your left: dist=133cm raw_vel=-13.5cm/s eff_vel=0.0cm/s ttc=n/a score=8.5 tier=AWARENESS reason=side_pass_awareness user=still ego=BAD
[18:06:57.088] [VOICE] Dropped CLEAR (busy_audio_channel): "path clear"
[18:06:57.212] [VOICE] Dropped CLEAR (busy_audio_channel): "path clear"
[18:06:57.356] [VOICE] Dropped CLEAR (busy_audio_channel): "path clear"
[18:06:57.597] [LATENCY] label=URGENT text="Watch out, person on your left, 1.1 mete" event_created=1779473213.995 enqueued=0.000s tts_start=0.239s play_start=0.241s play_end=3.602s queue_wait=0.239s synth=0.002s launch_wait=0.000s mode=clip_alert cache=hit cold_stream=no silence_ms=0
[18:06:57.598] [VOICE] URGENT: "Watch out, person on your left, 0.8 meters"
[18:06:58.465] [VOICE] Dropped CLEAR (busy_audio_channel): "path clear"
[18:07:01.571] [LATENCY] label=URGENT text="Watch out, person on your left, 0.8 mete" event_created=1779473215.739 enqueued=0.000s tts_start=1.860s play_start=1.862s play_end=5.832s queue_wait=1.860s synth=0.002s launch_wait=0.000s mode=clip_alert cache=hit cold_stream=no silence_ms=0
[18:07:01.700] [VOICE] URGENT: "person ahead, 0.2 meters"
[18:07:03.015] [LATENCY] label=URGENT text="person ahead, 0.2 meters" event_created=1779473221.701 enqueued=0.000s tts_start=0.001s play_start=0.003s play_end=1.312s queue_wait=0.001s synth=0.002s launch_wait=0.000s mode=clip_alert cache=hit cold_stream=no silence_ms=0
